sample1	sample2	IBS_distance	genotype1	genotype2	comparison
N100.trim.bt2	N101.trim.bt2	0.438211	AC1	AC2	AC1_vs_AC2
N100.trim.bt2	N102.trim.bt2	0.444264	AC1	AC2	AC1_vs_AC2
N101.trim.bt2	N102.trim.bt2	0.175806	AC2	AC2	within_AC2
N100.trim.bt2	N103.trim.bt2	0.214199	AC1	AC1	within_AC1
N101.trim.bt2	N103.trim.bt2	0.415822	AC2	AC1	AC1_vs_AC2
N102.trim.bt2	N103.trim.bt2	0.418793	AC2	AC1	AC1_vs_AC2
N100.trim.bt2	N104.trim.bt2	0.437399	AC1	AC2	AC1_vs_AC2
N101.trim.bt2	N104.trim.bt2	0.174175	AC2	AC2	within_AC2
N102.trim.bt2	N104.trim.bt2	0.174087	AC2	AC2	within_AC2
N103.trim.bt2	N104.trim.bt2	0.415018	AC1	AC2	AC1_vs_AC2
N100.trim.bt2	N105.trim.bt2	0.441284	AC1	AC2	AC1_vs_AC2
N101.trim.bt2	N105.trim.bt2	0.172735	AC2	AC2	within_AC2
N102.trim.bt2	N105.trim.bt2	0.169827	AC2	AC2	within_AC2
N103.trim.bt2	N105.trim.bt2	0.422078	AC1	AC2	AC1_vs_AC2
N104.trim.bt2	N105.trim.bt2	0.170153	AC2	AC2	within_AC2
N100.trim.bt2	N106.trim.bt2	0.435471	AC1	AC2	AC1_vs_AC2
N101.trim.bt2	N106.trim.bt2	0.179177	AC2	AC2	within_AC2
N102.trim.bt2	N106.trim.bt2	0.168345	AC2	AC2	within_AC2
N103.trim.bt2	N106.trim.bt2	0.422547	AC1	AC2	AC1_vs_AC2
N104.trim.bt2	N106.trim.bt2	0.171888	AC2	AC2	within_AC2
N105.trim.bt2	N106.trim.bt2	0.172052	AC2	AC2	within_AC2
N100.trim.bt2	N107.trim.bt2	0.212766	AC1	AC1	within_AC1
N101.trim.bt2	N107.trim.bt2	0.412607	AC2	AC1	AC1_vs_AC2
N102.trim.bt2	N107.trim.bt2	0.428397	AC2	AC1	AC1_vs_AC2
N103.trim.bt2	N107.trim.bt2	0.21732	AC1	AC1	within_AC1
N104.trim.bt2	N107.trim.bt2	0.41009	AC2	AC1	AC1_vs_AC2
N105.trim.bt2	N107.trim.bt2	0.427812	AC2	AC1	AC1_vs_AC2
N106.trim.bt2	N107.trim.bt2	0.417722	AC2	AC1	AC1_vs_AC2
N100.trim.bt2	N108.trim.bt2	0.219352	AC1	AC1	within_AC1
N101.trim.bt2	N108.trim.bt2	0.414444	AC2	AC1	AC1_vs_AC2
N102.trim.bt2	N108.trim.bt2	0.423187	AC2	AC1	AC1_vs_AC2
N103.trim.bt2	N108.trim.bt2	0.222131	AC1	AC1	within_AC1
N104.trim.bt2	N108.trim.bt2	0.417381	AC2	AC1	AC1_vs_AC2
N105.trim.bt2	N108.trim.bt2	0.423645	AC2	AC1	AC1_vs_AC2
N106.trim.bt2	N108.trim.bt2	0.421894	AC2	AC1	AC1_vs_AC2
N107.trim.bt2	N108.trim.bt2	0.219794	AC1	AC1	within_AC1
N100.trim.bt2	N109.trim.bt2	0.447477	AC1	AC2	AC1_vs_AC2
N101.trim.bt2	N109.trim.bt2	0.178601	AC2	AC2	within_AC2
N102.trim.bt2	N109.trim.bt2	0.176253	AC2	AC2	within_AC2
N103.trim.bt2	N109.trim.bt2	0.430343	AC1	AC2	AC1_vs_AC2
N104.trim.bt2	N109.trim.bt2	0.167895	AC2	AC2	within_AC2
N105.trim.bt2	N109.trim.bt2	0.173251	AC2	AC2	within_AC2
N106.trim.bt2	N109.trim.bt2	0.171663	AC2	AC2	within_AC2
N107.trim.bt2	N109.trim.bt2	0.429404	AC1	AC2	AC1_vs_AC2
N108.trim.bt2	N109.trim.bt2	0.426428	AC1	AC2	AC1_vs_AC2
N100.trim.bt2	N110.trim.bt2	0.448728	AC1	AC2	AC1_vs_AC2
N101.trim.bt2	N110.trim.bt2	0.173611	AC2	AC2	within_AC2
N102.trim.bt2	N110.trim.bt2	0.169519	AC2	AC2	within_AC2
N103.trim.bt2	N110.trim.bt2	0.423298	AC1	AC2	AC1_vs_AC2
N104.trim.bt2	N110.trim.bt2	0.165652	AC2	AC2	within_AC2
N105.trim.bt2	N110.trim.bt2	0.177433	AC2	AC2	within_AC2
N106.trim.bt2	N110.trim.bt2	0.17844	AC2	AC2	within_AC2
N107.trim.bt2	N110.trim.bt2	0.417769	AC1	AC2	AC1_vs_AC2
N108.trim.bt2	N110.trim.bt2	0.419115	AC1	AC2	AC1_vs_AC2
N109.trim.bt2	N110.trim.bt2	0.169499	AC2	AC2	within_AC2
N100.trim.bt2	N111.trim.bt2	0.443482	AC1	AC2	AC1_vs_AC2
N101.trim.bt2	N111.trim.bt2	0.177896	AC2	AC2	within_AC2
N102.trim.bt2	N111.trim.bt2	0.165438	AC2	AC2	within_AC2
N103.trim.bt2	N111.trim.bt2	0.424267	AC1	AC2	AC1_vs_AC2
N104.trim.bt2	N111.trim.bt2	0.168709	AC2	AC2	within_AC2
N105.trim.bt2	N111.trim.bt2	0.16571	AC2	AC2	within_AC2
N106.trim.bt2	N111.trim.bt2	0.168581	AC2	AC2	within_AC2
N107.trim.bt2	N111.trim.bt2	0.423891	AC1	AC2	AC1_vs_AC2
N108.trim.bt2	N111.trim.bt2	0.430237	AC1	AC2	AC1_vs_AC2
N109.trim.bt2	N111.trim.bt2	0.163757	AC2	AC2	within_AC2
N110.trim.bt2	N111.trim.bt2	0.173643	AC2	AC2	within_AC2
N100.trim.bt2	N112.trim.bt2	0.452117	AC1	AC2	AC1_vs_AC2
N101.trim.bt2	N112.trim.bt2	0.165168	AC2	AC2	within_AC2
N102.trim.bt2	N112.trim.bt2	0.166259	AC2	AC2	within_AC2
N103.trim.bt2	N112.trim.bt2	0.424292	AC1	AC2	AC1_vs_AC2
N104.trim.bt2	N112.trim.bt2	0.165108	AC2	AC2	within_AC2
N105.trim.bt2	N112.trim.bt2	0.164283	AC2	AC2	within_AC2
N106.trim.bt2	N112.trim.bt2	0.169519	AC2	AC2	within_AC2
N107.trim.bt2	N112.trim.bt2	0.428159	AC1	AC2	AC1_vs_AC2
N108.trim.bt2	N112.trim.bt2	0.420922	AC1	AC2	AC1_vs_AC2
N109.trim.bt2	N112.trim.bt2	0.164315	AC2	AC2	within_AC2
N110.trim.bt2	N112.trim.bt2	0.171063	AC2	AC2	within_AC2
N111.trim.bt2	N112.trim.bt2	0.160182	AC2	AC2	within_AC2
N100.trim.bt2	N113.trim.bt2	0.438855	AC1	AC2	AC1_vs_AC2
N101.trim.bt2	N113.trim.bt2	0.17738	AC2	AC2	within_AC2
N102.trim.bt2	N113.trim.bt2	0.170316	AC2	AC2	within_AC2
N103.trim.bt2	N113.trim.bt2	0.420408	AC1	AC2	AC1_vs_AC2
N104.trim.bt2	N113.trim.bt2	0.168621	AC2	AC2	within_AC2
N105.trim.bt2	N113.trim.bt2	0.164495	AC2	AC2	within_AC2
N106.trim.bt2	N113.trim.bt2	0.171742	AC2	AC2	within_AC2
N107.trim.bt2	N113.trim.bt2	0.421226	AC1	AC2	AC1_vs_AC2
N108.trim.bt2	N113.trim.bt2	0.422553	AC1	AC2	AC1_vs_AC2
N109.trim.bt2	N113.trim.bt2	0.165908	AC2	AC2	within_AC2
N110.trim.bt2	N113.trim.bt2	0.175987	AC2	AC2	within_AC2
N111.trim.bt2	N113.trim.bt2	0.167423	AC2	AC2	within_AC2
N112.trim.bt2	N113.trim.bt2	0.169408	AC2	AC2	within_AC2
N100.trim.bt2	N114.trim.bt2	0.44297	AC1	AC2	AC1_vs_AC2
N101.trim.bt2	N114.trim.bt2	0.174361	AC2	AC2	within_AC2
N102.trim.bt2	N114.trim.bt2	0.178483	AC2	AC2	within_AC2
N103.trim.bt2	N114.trim.bt2	0.428453	AC1	AC2	AC1_vs_AC2
N104.trim.bt2	N114.trim.bt2	0.172215	AC2	AC2	within_AC2
N105.trim.bt2	N114.trim.bt2	0.167561	AC2	AC2	within_AC2
N106.trim.bt2	N114.trim.bt2	0.171334	AC2	AC2	within_AC2
N107.trim.bt2	N114.trim.bt2	0.427382	AC1	AC2	AC1_vs_AC2
N108.trim.bt2	N114.trim.bt2	0.4312	AC1	AC2	AC1_vs_AC2
N109.trim.bt2	N114.trim.bt2	0.170783	AC2	AC2	within_AC2
N110.trim.bt2	N114.trim.bt2	0.174636	AC2	AC2	within_AC2
N111.trim.bt2	N114.trim.bt2	0.160133	AC2	AC2	within_AC2
N112.trim.bt2	N114.trim.bt2	0.172012	AC2	AC2	within_AC2
N113.trim.bt2	N114.trim.bt2	0.164315	AC2	AC2	within_AC2
N100.trim.bt2	N115.trim.bt2	0.438367	AC1	AC2	AC1_vs_AC2
N101.trim.bt2	N115.trim.bt2	0.165045	AC2	AC2	within_AC2
N102.trim.bt2	N115.trim.bt2	0.166464	AC2	AC2	within_AC2
N103.trim.bt2	N115.trim.bt2	0.41524	AC1	AC2	AC1_vs_AC2
N104.trim.bt2	N115.trim.bt2	0.172525	AC2	AC2	within_AC2
N105.trim.bt2	N115.trim.bt2	0.16599	AC2	AC2	within_AC2
N106.trim.bt2	N115.trim.bt2	0.176136	AC2	AC2	within_AC2
N107.trim.bt2	N115.trim.bt2	0.416427	AC1	AC2	AC1_vs_AC2
N108.trim.bt2	N115.trim.bt2	0.420923	AC1	AC2	AC1_vs_AC2
N109.trim.bt2	N115.trim.bt2	0.167838	AC2	AC2	within_AC2
N110.trim.bt2	N115.trim.bt2	0.174466	AC2	AC2	within_AC2
N111.trim.bt2	N115.trim.bt2	0.165225	AC2	AC2	within_AC2
N112.trim.bt2	N115.trim.bt2	0.159343	AC2	AC2	within_AC2
N113.trim.bt2	N115.trim.bt2	0.163941	AC2	AC2	within_AC2
N114.trim.bt2	N115.trim.bt2	0.186027	AC2	AC2	within_AC2
N100.trim.bt2	N116.trim.bt2	0.207368	AC1	AC1	within_AC1
N101.trim.bt2	N116.trim.bt2	0.431649	AC2	AC1	AC1_vs_AC2
N102.trim.bt2	N116.trim.bt2	0.429458	AC2	AC1	AC1_vs_AC2
N103.trim.bt2	N116.trim.bt2	0.215467	AC1	AC1	within_AC1
N104.trim.bt2	N116.trim.bt2	0.427982	AC2	AC1	AC1_vs_AC2
N105.trim.bt2	N116.trim.bt2	0.436696	AC2	AC1	AC1_vs_AC2
N106.trim.bt2	N116.trim.bt2	0.431056	AC2	AC1	AC1_vs_AC2
N107.trim.bt2	N116.trim.bt2	0.219817	AC1	AC1	within_AC1
N108.trim.bt2	N116.trim.bt2	0.226628	AC1	AC1	within_AC1
N109.trim.bt2	N116.trim.bt2	0.437053	AC2	AC1	AC1_vs_AC2
N110.trim.bt2	N116.trim.bt2	0.435801	AC2	AC1	AC1_vs_AC2
N111.trim.bt2	N116.trim.bt2	0.436027	AC2	AC1	AC1_vs_AC2
N112.trim.bt2	N116.trim.bt2	0.442534	AC2	AC1	AC1_vs_AC2
N113.trim.bt2	N116.trim.bt2	0.432805	AC2	AC1	AC1_vs_AC2
N114.trim.bt2	N116.trim.bt2	0.433684	AC2	AC1	AC1_vs_AC2
N115.trim.bt2	N116.trim.bt2	0.428928	AC2	AC1	AC1_vs_AC2
N100.trim.bt2	N117.trim.bt2	0.449571	AC1	AC2	AC1_vs_AC2
N101.trim.bt2	N117.trim.bt2	0.163282	AC2	AC2	within_AC2
N102.trim.bt2	N117.trim.bt2	0.161943	AC2	AC2	within_AC2
N103.trim.bt2	N117.trim.bt2	0.434162	AC1	AC2	AC1_vs_AC2
N104.trim.bt2	N117.trim.bt2	0.168417	AC2	AC2	within_AC2
N105.trim.bt2	N117.trim.bt2	0.158621	AC2	AC2	within_AC2
N106.trim.bt2	N117.trim.bt2	0.166532	AC2	AC2	within_AC2
N107.trim.bt2	N117.trim.bt2	0.423109	AC1	AC2	AC1_vs_AC2
N108.trim.bt2	N117.trim.bt2	0.427512	AC1	AC2	AC1_vs_AC2
N109.trim.bt2	N117.trim.bt2	0.160066	AC2	AC2	within_AC2
N110.trim.bt2	N117.trim.bt2	0.173699	AC2	AC2	within_AC2
N111.trim.bt2	N117.trim.bt2	0.168863	AC2	AC2	within_AC2
N112.trim.bt2	N117.trim.bt2	0.160868	AC2	AC2	within_AC2
N113.trim.bt2	N117.trim.bt2	0.171837	AC2	AC2	within_AC2
N114.trim.bt2	N117.trim.bt2	0.173284	AC2	AC2	within_AC2
N115.trim.bt2	N117.trim.bt2	0.161159	AC2	AC2	within_AC2
N116.trim.bt2	N117.trim.bt2	0.437266	AC1	AC2	AC1_vs_AC2
N100.trim.bt2	N118.trim.bt2	0.497331	AC1	AC3	AC1_vs_AC3
N101.trim.bt2	N118.trim.bt2	0.435352	AC2	AC3	AC2_vs_AC3
N102.trim.bt2	N118.trim.bt2	0.419079	AC2	AC3	AC2_vs_AC3
N103.trim.bt2	N118.trim.bt2	0.484176	AC1	AC3	AC1_vs_AC3
N104.trim.bt2	N118.trim.bt2	0.431013	AC2	AC3	AC2_vs_AC3
N105.trim.bt2	N118.trim.bt2	0.43219	AC2	AC3	AC2_vs_AC3
N106.trim.bt2	N118.trim.bt2	0.432653	AC2	AC3	AC2_vs_AC3
N107.trim.bt2	N118.trim.bt2	0.47621	AC1	AC3	AC1_vs_AC3
N108.trim.bt2	N118.trim.bt2	0.473203	AC1	AC3	AC1_vs_AC3
N109.trim.bt2	N118.trim.bt2	0.438099	AC2	AC3	AC2_vs_AC3
N110.trim.bt2	N118.trim.bt2	0.422838	AC2	AC3	AC2_vs_AC3
N111.trim.bt2	N118.trim.bt2	0.431421	AC2	AC3	AC2_vs_AC3
N112.trim.bt2	N118.trim.bt2	0.423315	AC2	AC3	AC2_vs_AC3
N113.trim.bt2	N118.trim.bt2	0.429276	AC2	AC3	AC2_vs_AC3
N114.trim.bt2	N118.trim.bt2	0.442268	AC2	AC3	AC2_vs_AC3
N115.trim.bt2	N118.trim.bt2	0.428513	AC2	AC3	AC2_vs_AC3
N116.trim.bt2	N118.trim.bt2	0.481544	AC1	AC3	AC1_vs_AC3
N117.trim.bt2	N118.trim.bt2	0.426869	AC2	AC3	AC2_vs_AC3
N100.trim.bt2	N119.trim.bt2	0.482002	AC1	AC3	AC1_vs_AC3
N101.trim.bt2	N119.trim.bt2	0.422871	AC2	AC3	AC2_vs_AC3
N102.trim.bt2	N119.trim.bt2	0.414955	AC2	AC3	AC2_vs_AC3
N103.trim.bt2	N119.trim.bt2	0.475383	AC1	AC3	AC1_vs_AC3
N104.trim.bt2	N119.trim.bt2	0.431148	AC2	AC3	AC2_vs_AC3
N105.trim.bt2	N119.trim.bt2	0.430573	AC2	AC3	AC2_vs_AC3
N106.trim.bt2	N119.trim.bt2	0.430864	AC2	AC3	AC2_vs_AC3
N107.trim.bt2	N119.trim.bt2	0.468529	AC1	AC3	AC1_vs_AC3
N108.trim.bt2	N119.trim.bt2	0.470564	AC1	AC3	AC1_vs_AC3
N109.trim.bt2	N119.trim.bt2	0.433725	AC2	AC3	AC2_vs_AC3
N110.trim.bt2	N119.trim.bt2	0.422213	AC2	AC3	AC2_vs_AC3
N111.trim.bt2	N119.trim.bt2	0.431135	AC2	AC3	AC2_vs_AC3
N112.trim.bt2	N119.trim.bt2	0.424834	AC2	AC3	AC2_vs_AC3
N113.trim.bt2	N119.trim.bt2	0.423891	AC2	AC3	AC2_vs_AC3
N114.trim.bt2	N119.trim.bt2	0.431685	AC2	AC3	AC2_vs_AC3
N115.trim.bt2	N119.trim.bt2	0.418009	AC2	AC3	AC2_vs_AC3
N116.trim.bt2	N119.trim.bt2	0.478298	AC1	AC3	AC1_vs_AC3
N117.trim.bt2	N119.trim.bt2	0.422489	AC2	AC3	AC2_vs_AC3
N118.trim.bt2	N119.trim.bt2	0.178128	AC3	AC3	within_AC3
N100.trim.bt2	N120.trim.bt2	0.472347	AC1	AC3	AC1_vs_AC3
N101.trim.bt2	N120.trim.bt2	0.423265	AC2	AC3	AC2_vs_AC3
N102.trim.bt2	N120.trim.bt2	0.407	AC2	AC3	AC2_vs_AC3
N103.trim.bt2	N120.trim.bt2	0.458385	AC1	AC3	AC1_vs_AC3
N104.trim.bt2	N120.trim.bt2	0.418425	AC2	AC3	AC2_vs_AC3
N105.trim.bt2	N120.trim.bt2	0.426531	AC2	AC3	AC2_vs_AC3
N106.trim.bt2	N120.trim.bt2	0.424786	AC2	AC3	AC2_vs_AC3
N107.trim.bt2	N120.trim.bt2	0.456872	AC1	AC3	AC1_vs_AC3
N108.trim.bt2	N120.trim.bt2	0.466308	AC1	AC3	AC1_vs_AC3
N109.trim.bt2	N120.trim.bt2	0.43314	AC2	AC3	AC2_vs_AC3
N110.trim.bt2	N120.trim.bt2	0.411546	AC2	AC3	AC2_vs_AC3
N111.trim.bt2	N120.trim.bt2	0.422646	AC2	AC3	AC2_vs_AC3
N112.trim.bt2	N120.trim.bt2	0.419554	AC2	AC3	AC2_vs_AC3
N113.trim.bt2	N120.trim.bt2	0.418242	AC2	AC3	AC2_vs_AC3
N114.trim.bt2	N120.trim.bt2	0.426789	AC2	AC3	AC2_vs_AC3
N115.trim.bt2	N120.trim.bt2	0.414414	AC2	AC3	AC2_vs_AC3
N116.trim.bt2	N120.trim.bt2	0.461925	AC1	AC3	AC1_vs_AC3
N117.trim.bt2	N120.trim.bt2	0.421657	AC2	AC3	AC2_vs_AC3
N118.trim.bt2	N120.trim.bt2	0.170982	AC3	AC3	within_AC3
N119.trim.bt2	N120.trim.bt2	0.169562	AC3	AC3	within_AC3
N100.trim.bt2	N121.trim.bt2	0.489971	AC1	AC3	AC1_vs_AC3
N101.trim.bt2	N121.trim.bt2	0.43241	AC2	AC3	AC2_vs_AC3
N102.trim.bt2	N121.trim.bt2	0.41511	AC2	AC3	AC2_vs_AC3
N103.trim.bt2	N121.trim.bt2	0.476892	AC1	AC3	AC1_vs_AC3
N104.trim.bt2	N121.trim.bt2	0.429498	AC2	AC3	AC2_vs_AC3
N105.trim.bt2	N121.trim.bt2	0.438111	AC2	AC3	AC2_vs_AC3
N106.trim.bt2	N121.trim.bt2	0.42561	AC2	AC3	AC2_vs_AC3
N107.trim.bt2	N121.trim.bt2	0.474897	AC1	AC3	AC1_vs_AC3
N108.trim.bt2	N121.trim.bt2	0.470223	AC1	AC3	AC1_vs_AC3
N109.trim.bt2	N121.trim.bt2	0.431063	AC2	AC3	AC2_vs_AC3
N110.trim.bt2	N121.trim.bt2	0.416221	AC2	AC3	AC2_vs_AC3
N111.trim.bt2	N121.trim.bt2	0.424731	AC2	AC3	AC2_vs_AC3
N112.trim.bt2	N121.trim.bt2	0.424866	AC2	AC3	AC2_vs_AC3
N113.trim.bt2	N121.trim.bt2	0.420254	AC2	AC3	AC2_vs_AC3
N114.trim.bt2	N121.trim.bt2	0.433084	AC2	AC3	AC2_vs_AC3
N115.trim.bt2	N121.trim.bt2	0.422668	AC2	AC3	AC2_vs_AC3
N116.trim.bt2	N121.trim.bt2	0.488527	AC1	AC3	AC1_vs_AC3
N117.trim.bt2	N121.trim.bt2	0.427753	AC2	AC3	AC2_vs_AC3
N118.trim.bt2	N121.trim.bt2	0.174127	AC3	AC3	within_AC3
N119.trim.bt2	N121.trim.bt2	0.169008	AC3	AC3	within_AC3
N120.trim.bt2	N121.trim.bt2	0.170632	AC3	AC3	within_AC3
N100.trim.bt2	N122.trim.bt2	0.487954	AC1	AC3	AC1_vs_AC3
N101.trim.bt2	N122.trim.bt2	0.432575	AC2	AC3	AC2_vs_AC3
N102.trim.bt2	N122.trim.bt2	0.41768	AC2	AC3	AC2_vs_AC3
N103.trim.bt2	N122.trim.bt2	0.476113	AC1	AC3	AC1_vs_AC3
N104.trim.bt2	N122.trim.bt2	0.437121	AC2	AC3	AC2_vs_AC3
N105.trim.bt2	N122.trim.bt2	0.43107	AC2	AC3	AC2_vs_AC3
N106.trim.bt2	N122.trim.bt2	0.433794	AC2	AC3	AC2_vs_AC3
N107.trim.bt2	N122.trim.bt2	0.472451	AC1	AC3	AC1_vs_AC3
N108.trim.bt2	N122.trim.bt2	0.476505	AC1	AC3	AC1_vs_AC3
N109.trim.bt2	N122.trim.bt2	0.4294	AC2	AC3	AC2_vs_AC3
N110.trim.bt2	N122.trim.bt2	0.413892	AC2	AC3	AC2_vs_AC3
N111.trim.bt2	N122.trim.bt2	0.42438	AC2	AC3	AC2_vs_AC3
N112.trim.bt2	N122.trim.bt2	0.424342	AC2	AC3	AC2_vs_AC3
N113.trim.bt2	N122.trim.bt2	0.429799	AC2	AC3	AC2_vs_AC3
N114.trim.bt2	N122.trim.bt2	0.429165	AC2	AC3	AC2_vs_AC3
N115.trim.bt2	N122.trim.bt2	0.425306	AC2	AC3	AC2_vs_AC3
N116.trim.bt2	N122.trim.bt2	0.473947	AC1	AC3	AC1_vs_AC3
N117.trim.bt2	N122.trim.bt2	0.423265	AC2	AC3	AC2_vs_AC3
N118.trim.bt2	N122.trim.bt2	0.169401	AC3	AC3	within_AC3
N119.trim.bt2	N122.trim.bt2	0.169345	AC3	AC3	within_AC3
N120.trim.bt2	N122.trim.bt2	0.174447	AC3	AC3	within_AC3
N121.trim.bt2	N122.trim.bt2	0.175918	AC3	AC3	within_AC3
N100.trim.bt2	N123.trim.bt2	0.481481	AC1	AC3	AC1_vs_AC3
N101.trim.bt2	N123.trim.bt2	0.425061	AC2	AC3	AC2_vs_AC3
N102.trim.bt2	N123.trim.bt2	0.406454	AC2	AC3	AC2_vs_AC3
N103.trim.bt2	N123.trim.bt2	0.470806	AC1	AC3	AC1_vs_AC3
N104.trim.bt2	N123.trim.bt2	0.423798	AC2	AC3	AC2_vs_AC3
N105.trim.bt2	N123.trim.bt2	0.426176	AC2	AC3	AC2_vs_AC3
N106.trim.bt2	N123.trim.bt2	0.420988	AC2	AC3	AC2_vs_AC3
N107.trim.bt2	N123.trim.bt2	0.468156	AC1	AC3	AC1_vs_AC3
N108.trim.bt2	N123.trim.bt2	0.467414	AC1	AC3	AC1_vs_AC3
N109.trim.bt2	N123.trim.bt2	0.420175	AC2	AC3	AC2_vs_AC3
N110.trim.bt2	N123.trim.bt2	0.417805	AC2	AC3	AC2_vs_AC3
N111.trim.bt2	N123.trim.bt2	0.422167	AC2	AC3	AC2_vs_AC3
N112.trim.bt2	N123.trim.bt2	0.42349	AC2	AC3	AC2_vs_AC3
N113.trim.bt2	N123.trim.bt2	0.424979	AC2	AC3	AC2_vs_AC3
N114.trim.bt2	N123.trim.bt2	0.42499	AC2	AC3	AC2_vs_AC3
N115.trim.bt2	N123.trim.bt2	0.419342	AC2	AC3	AC2_vs_AC3
N116.trim.bt2	N123.trim.bt2	0.469824	AC1	AC3	AC1_vs_AC3
N117.trim.bt2	N123.trim.bt2	0.423993	AC2	AC3	AC2_vs_AC3
N118.trim.bt2	N123.trim.bt2	0.168451	AC3	AC3	within_AC3
N119.trim.bt2	N123.trim.bt2	0.168189	AC3	AC3	within_AC3
N120.trim.bt2	N123.trim.bt2	0.168109	AC3	AC3	within_AC3
N121.trim.bt2	N123.trim.bt2	0.157484	AC3	AC3	within_AC3
N122.trim.bt2	N123.trim.bt2	0.174127	AC3	AC3	within_AC3
N100.trim.bt2	N124.trim.bt2	0.48998	AC1	AC3	AC1_vs_AC3
N101.trim.bt2	N124.trim.bt2	0.429153	AC2	AC3	AC2_vs_AC3
N102.trim.bt2	N124.trim.bt2	0.415922	AC2	AC3	AC2_vs_AC3
N103.trim.bt2	N124.trim.bt2	0.481209	AC1	AC3	AC1_vs_AC3
N104.trim.bt2	N124.trim.bt2	0.432794	AC2	AC3	AC2_vs_AC3
N105.trim.bt2	N124.trim.bt2	0.439739	AC2	AC3	AC2_vs_AC3
N106.trim.bt2	N124.trim.bt2	0.431126	AC2	AC3	AC2_vs_AC3
N107.trim.bt2	N124.trim.bt2	0.472622	AC1	AC3	AC1_vs_AC3
N108.trim.bt2	N124.trim.bt2	0.475248	AC1	AC3	AC1_vs_AC3
N109.trim.bt2	N124.trim.bt2	0.438509	AC2	AC3	AC2_vs_AC3
N110.trim.bt2	N124.trim.bt2	0.420403	AC2	AC3	AC2_vs_AC3
N111.trim.bt2	N124.trim.bt2	0.433526	AC2	AC3	AC2_vs_AC3
N112.trim.bt2	N124.trim.bt2	0.426749	AC2	AC3	AC2_vs_AC3
N113.trim.bt2	N124.trim.bt2	0.433429	AC2	AC3	AC2_vs_AC3
N114.trim.bt2	N124.trim.bt2	0.438174	AC2	AC3	AC2_vs_AC3
N115.trim.bt2	N124.trim.bt2	0.42828	AC2	AC3	AC2_vs_AC3
N116.trim.bt2	N124.trim.bt2	0.481435	AC1	AC3	AC1_vs_AC3
N117.trim.bt2	N124.trim.bt2	0.427637	AC2	AC3	AC2_vs_AC3
N118.trim.bt2	N124.trim.bt2	0.171862	AC3	AC3	within_AC3
N119.trim.bt2	N124.trim.bt2	0.167425	AC3	AC3	within_AC3
N120.trim.bt2	N124.trim.bt2	0.173148	AC3	AC3	within_AC3
N121.trim.bt2	N124.trim.bt2	0.166939	AC3	AC3	within_AC3
N122.trim.bt2	N124.trim.bt2	0.157143	AC3	AC3	within_AC3
N123.trim.bt2	N124.trim.bt2	0.161463	AC3	AC3	within_AC3
N100.trim.bt2	N125.trim.bt2	0.482223	AC1	AC3	AC1_vs_AC3
N101.trim.bt2	N125.trim.bt2	0.432872	AC2	AC3	AC2_vs_AC3
N102.trim.bt2	N125.trim.bt2	0.417106	AC2	AC3	AC2_vs_AC3
N103.trim.bt2	N125.trim.bt2	0.46634	AC1	AC3	AC1_vs_AC3
N104.trim.bt2	N125.trim.bt2	0.420946	AC2	AC3	AC2_vs_AC3
N105.trim.bt2	N125.trim.bt2	0.429268	AC2	AC3	AC2_vs_AC3
N106.trim.bt2	N125.trim.bt2	0.429151	AC2	AC3	AC2_vs_AC3
N107.trim.bt2	N125.trim.bt2	0.464256	AC1	AC3	AC1_vs_AC3
N108.trim.bt2	N125.trim.bt2	0.462932	AC1	AC3	AC1_vs_AC3
N109.trim.bt2	N125.trim.bt2	0.438923	AC2	AC3	AC2_vs_AC3
N110.trim.bt2	N125.trim.bt2	0.423346	AC2	AC3	AC2_vs_AC3
N111.trim.bt2	N125.trim.bt2	0.428218	AC2	AC3	AC2_vs_AC3
N112.trim.bt2	N125.trim.bt2	0.432266	AC2	AC3	AC2_vs_AC3
N113.trim.bt2	N125.trim.bt2	0.425532	AC2	AC3	AC2_vs_AC3
N114.trim.bt2	N125.trim.bt2	0.434385	AC2	AC3	AC2_vs_AC3
N115.trim.bt2	N125.trim.bt2	0.425654	AC2	AC3	AC2_vs_AC3
N116.trim.bt2	N125.trim.bt2	0.469439	AC1	AC3	AC1_vs_AC3
N117.trim.bt2	N125.trim.bt2	0.43038	AC2	AC3	AC2_vs_AC3
N118.trim.bt2	N125.trim.bt2	0.174466	AC3	AC3	within_AC3
N119.trim.bt2	N125.trim.bt2	0.172926	AC3	AC3	within_AC3
N120.trim.bt2	N125.trim.bt2	0.165235	AC3	AC3	within_AC3
N121.trim.bt2	N125.trim.bt2	0.176615	AC3	AC3	within_AC3
N122.trim.bt2	N125.trim.bt2	0.178557	AC3	AC3	within_AC3
N123.trim.bt2	N125.trim.bt2	0.172272	AC3	AC3	within_AC3
N124.trim.bt2	N125.trim.bt2	0.169935	AC3	AC3	within_AC3
N100.trim.bt2	N126.trim.bt2	0.434248	AC1	AC2	AC1_vs_AC2
N101.trim.bt2	N126.trim.bt2	0.165444	AC2	AC2	within_AC2
N102.trim.bt2	N126.trim.bt2	0.167752	AC2	AC2	within_AC2
N103.trim.bt2	N126.trim.bt2	0.413017	AC1	AC2	AC1_vs_AC2
N104.trim.bt2	N126.trim.bt2	0.166396	AC2	AC2	within_AC2
N105.trim.bt2	N126.trim.bt2	0.17285	AC2	AC2	within_AC2
N106.trim.bt2	N126.trim.bt2	0.178557	AC2	AC2	within_AC2
N107.trim.bt2	N126.trim.bt2	0.413366	AC1	AC2	AC1_vs_AC2
N108.trim.bt2	N126.trim.bt2	0.416805	AC1	AC2	AC1_vs_AC2
N109.trim.bt2	N126.trim.bt2	0.170257	AC2	AC2	within_AC2
N110.trim.bt2	N126.trim.bt2	0.165364	AC2	AC2	within_AC2
N111.trim.bt2	N126.trim.bt2	0.179339	AC2	AC2	within_AC2
N112.trim.bt2	N126.trim.bt2	0.16749	AC2	AC2	within_AC2
N113.trim.bt2	N126.trim.bt2	0.169401	AC2	AC2	within_AC2
N114.trim.bt2	N126.trim.bt2	0.180158	AC2	AC2	within_AC2
N115.trim.bt2	N126.trim.bt2	0.167758	AC2	AC2	within_AC2
N116.trim.bt2	N126.trim.bt2	0.420678	AC1	AC2	AC1_vs_AC2
N117.trim.bt2	N126.trim.bt2	0.175725	AC2	AC2	within_AC2
N118.trim.bt2	N126.trim.bt2	0.424443	AC3	AC2	AC2_vs_AC3
N119.trim.bt2	N126.trim.bt2	0.414594	AC3	AC2	AC2_vs_AC3
N120.trim.bt2	N126.trim.bt2	0.417695	AC3	AC2	AC2_vs_AC3
N121.trim.bt2	N126.trim.bt2	0.426162	AC3	AC2	AC2_vs_AC3
N122.trim.bt2	N126.trim.bt2	0.426404	AC3	AC2	AC2_vs_AC3
N123.trim.bt2	N126.trim.bt2	0.417183	AC3	AC2	AC2_vs_AC3
N124.trim.bt2	N126.trim.bt2	0.424753	AC3	AC2	AC2_vs_AC3
N125.trim.bt2	N126.trim.bt2	0.432144	AC3	AC2	AC2_vs_AC3
N100.trim.bt2	N127.trim.bt2	0.207423	AC1	AC1	within_AC1
N101.trim.bt2	N127.trim.bt2	0.43383	AC2	AC1	AC1_vs_AC2
N102.trim.bt2	N127.trim.bt2	0.431518	AC2	AC1	AC1_vs_AC2
N103.trim.bt2	N127.trim.bt2	0.221856	AC1	AC1	within_AC1
N104.trim.bt2	N127.trim.bt2	0.430333	AC2	AC1	AC1_vs_AC2
N105.trim.bt2	N127.trim.bt2	0.435178	AC2	AC1	AC1_vs_AC2
N106.trim.bt2	N127.trim.bt2	0.43376	AC2	AC1	AC1_vs_AC2
N107.trim.bt2	N127.trim.bt2	0.208056	AC1	AC1	within_AC1
N108.trim.bt2	N127.trim.bt2	0.215654	AC1	AC1	within_AC1
N109.trim.bt2	N127.trim.bt2	0.447291	AC2	AC1	AC1_vs_AC2
N110.trim.bt2	N127.trim.bt2	0.435127	AC2	AC1	AC1_vs_AC2
N111.trim.bt2	N127.trim.bt2	0.43784	AC2	AC1	AC1_vs_AC2
N112.trim.bt2	N127.trim.bt2	0.433569	AC2	AC1	AC1_vs_AC2
N113.trim.bt2	N127.trim.bt2	0.429522	AC2	AC1	AC1_vs_AC2
N114.trim.bt2	N127.trim.bt2	0.443508	AC2	AC1	AC1_vs_AC2
N115.trim.bt2	N127.trim.bt2	0.426617	AC2	AC1	AC1_vs_AC2
N116.trim.bt2	N127.trim.bt2	0.218396	AC1	AC1	within_AC1
N117.trim.bt2	N127.trim.bt2	0.441494	AC2	AC1	AC1_vs_AC2
N118.trim.bt2	N127.trim.bt2	0.483319	AC3	AC1	AC1_vs_AC3
N119.trim.bt2	N127.trim.bt2	0.475651	AC3	AC1	AC1_vs_AC3
N120.trim.bt2	N127.trim.bt2	0.469659	AC3	AC1	AC1_vs_AC3
N121.trim.bt2	N127.trim.bt2	0.490229	AC3	AC1	AC1_vs_AC3
N122.trim.bt2	N127.trim.bt2	0.482973	AC3	AC1	AC1_vs_AC3
N123.trim.bt2	N127.trim.bt2	0.483723	AC3	AC1	AC1_vs_AC3
N124.trim.bt2	N127.trim.bt2	0.488584	AC3	AC1	AC1_vs_AC3
N125.trim.bt2	N127.trim.bt2	0.474056	AC3	AC1	AC1_vs_AC3
N126.trim.bt2	N127.trim.bt2	0.429106	AC2	AC1	AC1_vs_AC2
N100.trim.bt2	N128.trim.bt2	0.44621	AC1	AC2	AC1_vs_AC2
N101.trim.bt2	N128.trim.bt2	0.17957	AC2	AC2	within_AC2
N102.trim.bt2	N128.trim.bt2	0.1724	AC2	AC2	within_AC2
N103.trim.bt2	N128.trim.bt2	0.420195	AC1	AC2	AC1_vs_AC2
N104.trim.bt2	N128.trim.bt2	0.177159	AC2	AC2	within_AC2
N105.trim.bt2	N128.trim.bt2	0.171672	AC2	AC2	within_AC2
N106.trim.bt2	N128.trim.bt2	0.172539	AC2	AC2	within_AC2
N107.trim.bt2	N128.trim.bt2	0.417555	AC1	AC2	AC1_vs_AC2
N108.trim.bt2	N128.trim.bt2	0.417284	AC1	AC2	AC1_vs_AC2
N109.trim.bt2	N128.trim.bt2	0.167286	AC2	AC2	within_AC2
N110.trim.bt2	N128.trim.bt2	0.158756	AC2	AC2	within_AC2
N111.trim.bt2	N128.trim.bt2	0.166255	AC2	AC2	within_AC2
N112.trim.bt2	N128.trim.bt2	0.166939	AC2	AC2	within_AC2
N113.trim.bt2	N128.trim.bt2	0.164831	AC2	AC2	within_AC2
N114.trim.bt2	N128.trim.bt2	0.168734	AC2	AC2	within_AC2
N115.trim.bt2	N128.trim.bt2	0.175489	AC2	AC2	within_AC2
N116.trim.bt2	N128.trim.bt2	0.429879	AC1	AC2	AC1_vs_AC2
N117.trim.bt2	N128.trim.bt2	0.168773	AC2	AC2	within_AC2
N118.trim.bt2	N128.trim.bt2	0.424292	AC3	AC2	AC2_vs_AC3
N119.trim.bt2	N128.trim.bt2	0.423315	AC3	AC2	AC2_vs_AC3
N120.trim.bt2	N128.trim.bt2	0.416633	AC3	AC2	AC2_vs_AC3
N121.trim.bt2	N128.trim.bt2	0.425419	AC3	AC2	AC2_vs_AC3
N122.trim.bt2	N128.trim.bt2	0.423736	AC3	AC2	AC2_vs_AC3
N123.trim.bt2	N128.trim.bt2	0.419885	AC3	AC2	AC2_vs_AC3
N124.trim.bt2	N128.trim.bt2	0.426879	AC3	AC2	AC2_vs_AC3
N125.trim.bt2	N128.trim.bt2	0.428222	AC3	AC2	AC2_vs_AC3
N126.trim.bt2	N128.trim.bt2	0.17329	AC2	AC2	within_AC2
N127.trim.bt2	N128.trim.bt2	0.434369	AC1	AC2	AC1_vs_AC2
N100.trim.bt2	N129.trim.bt2	0.4331	AC1	AC2	AC1_vs_AC2
N101.trim.bt2	N129.trim.bt2	0.160736	AC2	AC2	within_AC2
N102.trim.bt2	N129.trim.bt2	0.166122	AC2	AC2	within_AC2
N103.trim.bt2	N129.trim.bt2	0.419063	AC1	AC2	AC1_vs_AC2
N104.trim.bt2	N129.trim.bt2	0.170126	AC2	AC2	within_AC2
N105.trim.bt2	N129.trim.bt2	0.171779	AC2	AC2	within_AC2
N106.trim.bt2	N129.trim.bt2	0.178995	AC2	AC2	within_AC2
N107.trim.bt2	N129.trim.bt2	0.419528	AC1	AC2	AC1_vs_AC2
N108.trim.bt2	N129.trim.bt2	0.422693	AC1	AC2	AC1_vs_AC2
N109.trim.bt2	N129.trim.bt2	0.171713	AC2	AC2	within_AC2
N110.trim.bt2	N129.trim.bt2	0.171205	AC2	AC2	within_AC2
N111.trim.bt2	N129.trim.bt2	0.173787	AC2	AC2	within_AC2
N112.trim.bt2	N129.trim.bt2	0.168109	AC2	AC2	within_AC2
N113.trim.bt2	N129.trim.bt2	0.163374	AC2	AC2	within_AC2
N114.trim.bt2	N129.trim.bt2	0.176177	AC2	AC2	within_AC2
N115.trim.bt2	N129.trim.bt2	0.170842	AC2	AC2	within_AC2
N116.trim.bt2	N129.trim.bt2	0.423658	AC1	AC2	AC1_vs_AC2
N117.trim.bt2	N129.trim.bt2	0.164754	AC2	AC2	within_AC2
N118.trim.bt2	N129.trim.bt2	0.427803	AC3	AC2	AC2_vs_AC3
N119.trim.bt2	N129.trim.bt2	0.422629	AC3	AC2	AC2_vs_AC3
N120.trim.bt2	N129.trim.bt2	0.417079	AC3	AC2	AC2_vs_AC3
N121.trim.bt2	N129.trim.bt2	0.427512	AC3	AC2	AC2_vs_AC3
N122.trim.bt2	N129.trim.bt2	0.429276	AC3	AC2	AC2_vs_AC3
N123.trim.bt2	N129.trim.bt2	0.414007	AC3	AC2	AC2_vs_AC3
N124.trim.bt2	N129.trim.bt2	0.424567	AC3	AC2	AC2_vs_AC3
N125.trim.bt2	N129.trim.bt2	0.428924	AC3	AC2	AC2_vs_AC3
N126.trim.bt2	N129.trim.bt2	0.166255	AC2	AC2	within_AC2
N127.trim.bt2	N129.trim.bt2	0.427736	AC1	AC2	AC1_vs_AC2
N128.trim.bt2	N129.trim.bt2	0.173022	AC2	AC2	within_AC2
N100.trim.bt2	N130.trim.bt2	0.212948	AC1	AC1	within_AC1
N101.trim.bt2	N130.trim.bt2	0.421869	AC2	AC1	AC1_vs_AC2
N102.trim.bt2	N130.trim.bt2	0.41833	AC2	AC1	AC1_vs_AC2
N103.trim.bt2	N130.trim.bt2	0.214721	AC1	AC1	within_AC1
N104.trim.bt2	N130.trim.bt2	0.411693	AC2	AC1	AC1_vs_AC2
N105.trim.bt2	N130.trim.bt2	0.420343	AC2	AC1	AC1_vs_AC2
N106.trim.bt2	N130.trim.bt2	0.41541	AC2	AC1	AC1_vs_AC2
N107.trim.bt2	N130.trim.bt2	0.206148	AC1	AC1	within_AC1
N108.trim.bt2	N130.trim.bt2	0.222954	AC1	AC1	within_AC1
N109.trim.bt2	N130.trim.bt2	0.428987	AC2	AC1	AC1_vs_AC2
N110.trim.bt2	N130.trim.bt2	0.423868	AC2	AC1	AC1_vs_AC2
N111.trim.bt2	N130.trim.bt2	0.426202	AC2	AC1	AC1_vs_AC2
N112.trim.bt2	N130.trim.bt2	0.426331	AC2	AC1	AC1_vs_AC2
N113.trim.bt2	N130.trim.bt2	0.420296	AC2	AC1	AC1_vs_AC2
N114.trim.bt2	N130.trim.bt2	0.431724	AC2	AC1	AC1_vs_AC2
N115.trim.bt2	N130.trim.bt2	0.420729	AC2	AC1	AC1_vs_AC2
N116.trim.bt2	N130.trim.bt2	0.218672	AC1	AC1	within_AC1
N117.trim.bt2	N130.trim.bt2	0.429098	AC2	AC1	AC1_vs_AC2
N118.trim.bt2	N130.trim.bt2	0.467162	AC3	AC1	AC1_vs_AC3
N119.trim.bt2	N130.trim.bt2	0.457641	AC3	AC1	AC1_vs_AC3
N120.trim.bt2	N130.trim.bt2	0.448105	AC3	AC1	AC1_vs_AC3
N121.trim.bt2	N130.trim.bt2	0.463655	AC3	AC1	AC1_vs_AC3
N122.trim.bt2	N130.trim.bt2	0.458419	AC3	AC1	AC1_vs_AC3
N123.trim.bt2	N130.trim.bt2	0.452705	AC3	AC1	AC1_vs_AC3
N124.trim.bt2	N130.trim.bt2	0.468776	AC3	AC1	AC1_vs_AC3
N125.trim.bt2	N130.trim.bt2	0.446861	AC3	AC1	AC1_vs_AC3
N126.trim.bt2	N130.trim.bt2	0.408474	AC2	AC1	AC1_vs_AC2
N127.trim.bt2	N130.trim.bt2	0.206711	AC1	AC1	within_AC1
N128.trim.bt2	N130.trim.bt2	0.41769	AC2	AC1	AC1_vs_AC2
N129.trim.bt2	N130.trim.bt2	0.415944	AC2	AC1	AC1_vs_AC2
N100.trim.bt2	N131.trim.bt2	0.491602	AC1	AC3	AC1_vs_AC3
N101.trim.bt2	N131.trim.bt2	0.428513	AC2	AC3	AC2_vs_AC3
N102.trim.bt2	N131.trim.bt2	0.419683	AC2	AC3	AC2_vs_AC3
N103.trim.bt2	N131.trim.bt2	0.47545	AC1	AC3	AC1_vs_AC3
N104.trim.bt2	N131.trim.bt2	0.433901	AC2	AC3	AC2_vs_AC3
N105.trim.bt2	N131.trim.bt2	0.429038	AC2	AC3	AC2_vs_AC3
N106.trim.bt2	N131.trim.bt2	0.42741	AC2	AC3	AC2_vs_AC3
N107.trim.bt2	N131.trim.bt2	0.476524	AC1	AC3	AC1_vs_AC3
N108.trim.bt2	N131.trim.bt2	0.476643	AC1	AC3	AC1_vs_AC3
N109.trim.bt2	N131.trim.bt2	0.434494	AC2	AC3	AC2_vs_AC3
N110.trim.bt2	N131.trim.bt2	0.418796	AC2	AC3	AC2_vs_AC3
N111.trim.bt2	N131.trim.bt2	0.423904	AC2	AC3	AC2_vs_AC3
N112.trim.bt2	N131.trim.bt2	0.430864	AC2	AC3	AC2_vs_AC3
N113.trim.bt2	N131.trim.bt2	0.421009	AC2	AC3	AC2_vs_AC3
N114.trim.bt2	N131.trim.bt2	0.432848	AC2	AC3	AC2_vs_AC3
N115.trim.bt2	N131.trim.bt2	0.425593	AC2	AC3	AC2_vs_AC3
N116.trim.bt2	N131.trim.bt2	0.479566	AC1	AC3	AC1_vs_AC3
N117.trim.bt2	N131.trim.bt2	0.429975	AC2	AC3	AC2_vs_AC3
N118.trim.bt2	N131.trim.bt2	0.17577	AC3	AC3	within_AC3
N119.trim.bt2	N131.trim.bt2	0.169072	AC3	AC3	within_AC3
N120.trim.bt2	N131.trim.bt2	0.181967	AC3	AC3	within_AC3
N121.trim.bt2	N131.trim.bt2	0.169054	AC3	AC3	within_AC3
N122.trim.bt2	N131.trim.bt2	0.170204	AC3	AC3	within_AC3
N123.trim.bt2	N131.trim.bt2	0.161662	AC3	AC3	within_AC3
N124.trim.bt2	N131.trim.bt2	0.165506	AC3	AC3	within_AC3
N125.trim.bt2	N131.trim.bt2	0.183415	AC3	AC3	within_AC3
N126.trim.bt2	N131.trim.bt2	0.420641	AC2	AC3	AC2_vs_AC3
N127.trim.bt2	N131.trim.bt2	0.486071	AC1	AC3	AC1_vs_AC3
N128.trim.bt2	N131.trim.bt2	0.428396	AC2	AC3	AC2_vs_AC3
N129.trim.bt2	N131.trim.bt2	0.42863	AC2	AC3	AC2_vs_AC3
N130.trim.bt2	N131.trim.bt2	0.459638	AC1	AC3	AC1_vs_AC3
N100.trim.bt2	N132.trim.bt2	0.451085	AC1	AC2	AC1_vs_AC2
N101.trim.bt2	N132.trim.bt2	0.169243	AC2	AC2	within_AC2
N102.trim.bt2	N132.trim.bt2	0.166193	AC2	AC2	within_AC2
N103.trim.bt2	N132.trim.bt2	0.427812	AC1	AC2	AC1_vs_AC2
N104.trim.bt2	N132.trim.bt2	0.18307	AC2	AC2	within_AC2
N105.trim.bt2	N132.trim.bt2	0.173453	AC2	AC2	within_AC2
N106.trim.bt2	N132.trim.bt2	0.170394	AC2	AC2	within_AC2
N107.trim.bt2	N132.trim.bt2	0.42816	AC1	AC2	AC1_vs_AC2
N108.trim.bt2	N132.trim.bt2	0.428807	AC1	AC2	AC1_vs_AC2
N109.trim.bt2	N132.trim.bt2	0.171287	AC2	AC2	within_AC2
N110.trim.bt2	N132.trim.bt2	0.173377	AC2	AC2	within_AC2
N111.trim.bt2	N132.trim.bt2	0.163839	AC2	AC2	within_AC2
N112.trim.bt2	N132.trim.bt2	0.165571	AC2	AC2	within_AC2
N113.trim.bt2	N132.trim.bt2	0.177386	AC2	AC2	within_AC2
N114.trim.bt2	N132.trim.bt2	0.165491	AC2	AC2	within_AC2
N115.trim.bt2	N132.trim.bt2	0.17825	AC2	AC2	within_AC2
N116.trim.bt2	N132.trim.bt2	0.446391	AC1	AC2	AC1_vs_AC2
N117.trim.bt2	N132.trim.bt2	0.165509	AC2	AC2	within_AC2
N118.trim.bt2	N132.trim.bt2	0.4291	AC3	AC2	AC2_vs_AC3
N119.trim.bt2	N132.trim.bt2	0.42349	AC3	AC2	AC2_vs_AC3
N120.trim.bt2	N132.trim.bt2	0.423645	AC3	AC2	AC2_vs_AC3
N121.trim.bt2	N132.trim.bt2	0.42183	AC3	AC2	AC2_vs_AC3
N122.trim.bt2	N132.trim.bt2	0.424887	AC3	AC2	AC2_vs_AC3
N123.trim.bt2	N132.trim.bt2	0.416735	AC3	AC2	AC2_vs_AC3
N124.trim.bt2	N132.trim.bt2	0.439934	AC3	AC2	AC2_vs_AC3
N125.trim.bt2	N132.trim.bt2	0.436349	AC3	AC2	AC2_vs_AC3
N126.trim.bt2	N132.trim.bt2	0.177677	AC2	AC2	within_AC2
N127.trim.bt2	N132.trim.bt2	0.444028	AC1	AC2	AC1_vs_AC2
N128.trim.bt2	N132.trim.bt2	0.168095	AC2	AC2	within_AC2
N129.trim.bt2	N132.trim.bt2	0.166187	AC2	AC2	within_AC2
N130.trim.bt2	N132.trim.bt2	0.427867	AC1	AC2	AC1_vs_AC2
N131.trim.bt2	N132.trim.bt2	0.429274	AC3	AC2	AC2_vs_AC3
N100.trim.bt2	N133.trim.bt2	0.480674	AC1	AC3	AC1_vs_AC3
N101.trim.bt2	N133.trim.bt2	0.419566	AC2	AC3	AC2_vs_AC3
N102.trim.bt2	N133.trim.bt2	0.405637	AC2	AC3	AC2_vs_AC3
N103.trim.bt2	N133.trim.bt2	0.471434	AC1	AC3	AC1_vs_AC3
N104.trim.bt2	N133.trim.bt2	0.419617	AC2	AC3	AC2_vs_AC3
N105.trim.bt2	N133.trim.bt2	0.419738	AC2	AC3	AC2_vs_AC3
N106.trim.bt2	N133.trim.bt2	0.425367	AC2	AC3	AC2_vs_AC3
N107.trim.bt2	N133.trim.bt2	0.459661	AC1	AC3	AC1_vs_AC3
N108.trim.bt2	N133.trim.bt2	0.467829	AC1	AC3	AC1_vs_AC3
N109.trim.bt2	N133.trim.bt2	0.419234	AC2	AC3	AC2_vs_AC3
N110.trim.bt2	N133.trim.bt2	0.414079	AC2	AC3	AC2_vs_AC3
N111.trim.bt2	N133.trim.bt2	0.420506	AC2	AC3	AC2_vs_AC3
N112.trim.bt2	N133.trim.bt2	0.419488	AC2	AC3	AC2_vs_AC3
N113.trim.bt2	N133.trim.bt2	0.415467	AC2	AC3	AC2_vs_AC3
N114.trim.bt2	N133.trim.bt2	0.422965	AC2	AC3	AC2_vs_AC3
N115.trim.bt2	N133.trim.bt2	0.414233	AC2	AC3	AC2_vs_AC3
N116.trim.bt2	N133.trim.bt2	0.468789	AC1	AC3	AC1_vs_AC3
N117.trim.bt2	N133.trim.bt2	0.420945	AC2	AC3	AC2_vs_AC3
N118.trim.bt2	N133.trim.bt2	0.168178	AC3	AC3	within_AC3
N119.trim.bt2	N133.trim.bt2	0.178423	AC3	AC3	within_AC3
N120.trim.bt2	N133.trim.bt2	0.174701	AC3	AC3	within_AC3
N121.trim.bt2	N133.trim.bt2	0.173432	AC3	AC3	within_AC3
N122.trim.bt2	N133.trim.bt2	0.172612	AC3	AC3	within_AC3
N123.trim.bt2	N133.trim.bt2	0.170309	AC3	AC3	within_AC3
N124.trim.bt2	N133.trim.bt2	0.180362	AC3	AC3	within_AC3
N125.trim.bt2	N133.trim.bt2	0.177896	AC3	AC3	within_AC3
N126.trim.bt2	N133.trim.bt2	0.417251	AC2	AC3	AC2_vs_AC3
N127.trim.bt2	N133.trim.bt2	0.474562	AC1	AC3	AC1_vs_AC3
N128.trim.bt2	N133.trim.bt2	0.414784	AC2	AC3	AC2_vs_AC3
N129.trim.bt2	N133.trim.bt2	0.417219	AC2	AC3	AC2_vs_AC3
N130.trim.bt2	N133.trim.bt2	0.454583	AC1	AC3	AC1_vs_AC3
N131.trim.bt2	N133.trim.bt2	0.15716	AC3	AC3	within_AC3
N132.trim.bt2	N133.trim.bt2	0.425865	AC2	AC3	AC2_vs_AC3
N100.trim.bt2	N134.trim.bt2	0.442339	AC1	AC2	AC1_vs_AC2
N101.trim.bt2	N134.trim.bt2	0.168507	AC2	AC2	within_AC2
N102.trim.bt2	N134.trim.bt2	0.172794	AC2	AC2	within_AC2
N103.trim.bt2	N134.trim.bt2	0.42246	AC1	AC2	AC1_vs_AC2
N104.trim.bt2	N134.trim.bt2	0.165444	AC2	AC2	within_AC2
N105.trim.bt2	N134.trim.bt2	0.172935	AC2	AC2	within_AC2
N106.trim.bt2	N134.trim.bt2	0.175532	AC2	AC2	within_AC2
N107.trim.bt2	N134.trim.bt2	0.417805	AC1	AC2	AC1_vs_AC2
N108.trim.bt2	N134.trim.bt2	0.416043	AC1	AC2	AC1_vs_AC2
N109.trim.bt2	N134.trim.bt2	0.166805	AC2	AC2	within_AC2
N110.trim.bt2	N134.trim.bt2	0.168317	AC2	AC2	within_AC2
N111.trim.bt2	N134.trim.bt2	0.162173	AC2	AC2	within_AC2
N112.trim.bt2	N134.trim.bt2	0.166873	AC2	AC2	within_AC2
N113.trim.bt2	N134.trim.bt2	0.177585	AC2	AC2	within_AC2
N114.trim.bt2	N134.trim.bt2	0.176642	AC2	AC2	within_AC2
N115.trim.bt2	N134.trim.bt2	0.174342	AC2	AC2	within_AC2
N116.trim.bt2	N134.trim.bt2	0.424433	AC1	AC2	AC1_vs_AC2
N117.trim.bt2	N134.trim.bt2	0.164682	AC2	AC2	within_AC2
N118.trim.bt2	N134.trim.bt2	0.432891	AC3	AC2	AC2_vs_AC3
N119.trim.bt2	N134.trim.bt2	0.428571	AC3	AC2	AC2_vs_AC3
N120.trim.bt2	N134.trim.bt2	0.42314	AC3	AC2	AC2_vs_AC3
N121.trim.bt2	N134.trim.bt2	0.427689	AC3	AC2	AC2_vs_AC3
N122.trim.bt2	N134.trim.bt2	0.432566	AC3	AC2	AC2_vs_AC3
N123.trim.bt2	N134.trim.bt2	0.420398	AC3	AC2	AC2_vs_AC3
N124.trim.bt2	N134.trim.bt2	0.429337	AC3	AC2	AC2_vs_AC3
N125.trim.bt2	N134.trim.bt2	0.431743	AC3	AC2	AC2_vs_AC3
N126.trim.bt2	N134.trim.bt2	0.176761	AC2	AC2	within_AC2
N127.trim.bt2	N134.trim.bt2	0.437369	AC1	AC2	AC1_vs_AC2
N128.trim.bt2	N134.trim.bt2	0.167898	AC2	AC2	within_AC2
N129.trim.bt2	N134.trim.bt2	0.165979	AC2	AC2	within_AC2
N130.trim.bt2	N134.trim.bt2	0.422075	AC1	AC2	AC1_vs_AC2
N131.trim.bt2	N134.trim.bt2	0.427273	AC3	AC2	AC2_vs_AC3
N132.trim.bt2	N134.trim.bt2	0.161383	AC2	AC2	within_AC2
N133.trim.bt2	N134.trim.bt2	0.424066	AC3	AC2	AC2_vs_AC3
N100.trim.bt2	N135.trim.bt2	0.448675	AC1	AC2	AC1_vs_AC2
N101.trim.bt2	N135.trim.bt2	0.169338	AC2	AC2	within_AC2
N102.trim.bt2	N135.trim.bt2	0.172753	AC2	AC2	within_AC2
N103.trim.bt2	N135.trim.bt2	0.434406	AC1	AC2	AC1_vs_AC2
N104.trim.bt2	N135.trim.bt2	0.17199	AC2	AC2	within_AC2
N105.trim.bt2	N135.trim.bt2	0.172145	AC2	AC2	within_AC2
N106.trim.bt2	N135.trim.bt2	0.167898	AC2	AC2	within_AC2
N107.trim.bt2	N135.trim.bt2	0.427919	AC1	AC2	AC1_vs_AC2
N108.trim.bt2	N135.trim.bt2	0.427261	AC1	AC2	AC1_vs_AC2
N109.trim.bt2	N135.trim.bt2	0.169858	AC2	AC2	within_AC2
N110.trim.bt2	N135.trim.bt2	0.172056	AC2	AC2	within_AC2
N111.trim.bt2	N135.trim.bt2	0.16625	AC2	AC2	within_AC2
N112.trim.bt2	N135.trim.bt2	0.181894	AC2	AC2	within_AC2
N113.trim.bt2	N135.trim.bt2	0.17686	AC2	AC2	within_AC2
N114.trim.bt2	N135.trim.bt2	0.175094	AC2	AC2	within_AC2
N115.trim.bt2	N135.trim.bt2	0.169142	AC2	AC2	within_AC2
N116.trim.bt2	N135.trim.bt2	0.436211	AC1	AC2	AC1_vs_AC2
N117.trim.bt2	N135.trim.bt2	0.163779	AC2	AC2	within_AC2
N118.trim.bt2	N135.trim.bt2	0.427741	AC3	AC2	AC2_vs_AC3
N119.trim.bt2	N135.trim.bt2	0.426896	AC3	AC2	AC2_vs_AC3
N120.trim.bt2	N135.trim.bt2	0.423827	AC3	AC2	AC2_vs_AC3
N121.trim.bt2	N135.trim.bt2	0.429341	AC3	AC2	AC2_vs_AC3
N122.trim.bt2	N135.trim.bt2	0.4375	AC3	AC2	AC2_vs_AC3
N123.trim.bt2	N135.trim.bt2	0.414969	AC3	AC2	AC2_vs_AC3
N124.trim.bt2	N135.trim.bt2	0.428867	AC3	AC2	AC2_vs_AC3
N125.trim.bt2	N135.trim.bt2	0.429458	AC3	AC2	AC2_vs_AC3
N126.trim.bt2	N135.trim.bt2	0.164117	AC2	AC2	within_AC2
N127.trim.bt2	N135.trim.bt2	0.445424	AC1	AC2	AC1_vs_AC2
N128.trim.bt2	N135.trim.bt2	0.168933	AC2	AC2	within_AC2
N129.trim.bt2	N135.trim.bt2	0.169983	AC2	AC2	within_AC2
N130.trim.bt2	N135.trim.bt2	0.43112	AC1	AC2	AC1_vs_AC2
N131.trim.bt2	N135.trim.bt2	0.429755	AC3	AC2	AC2_vs_AC3
N132.trim.bt2	N135.trim.bt2	0.180091	AC2	AC2	within_AC2
N133.trim.bt2	N135.trim.bt2	0.421446	AC3	AC2	AC2_vs_AC3
N134.trim.bt2	N135.trim.bt2	0.171167	AC2	AC2	within_AC2
N100.trim.bt2	N136.trim.bt2	0.438923	AC1	AC2	AC1_vs_AC2
N101.trim.bt2	N136.trim.bt2	0.162418	AC2	AC2	within_AC2
N102.trim.bt2	N136.trim.bt2	0.175503	AC2	AC2	within_AC2
N103.trim.bt2	N136.trim.bt2	0.425382	AC1	AC2	AC1_vs_AC2
N104.trim.bt2	N136.trim.bt2	0.167282	AC2	AC2	within_AC2
N105.trim.bt2	N136.trim.bt2	0.171123	AC2	AC2	within_AC2
N106.trim.bt2	N136.trim.bt2	0.171334	AC2	AC2	within_AC2
N107.trim.bt2	N136.trim.bt2	0.42	AC1	AC2	AC1_vs_AC2
N108.trim.bt2	N136.trim.bt2	0.426127	AC1	AC2	AC1_vs_AC2
N109.trim.bt2	N136.trim.bt2	0.161236	AC2	AC2	within_AC2
N110.trim.bt2	N136.trim.bt2	0.17061	AC2	AC2	within_AC2
N111.trim.bt2	N136.trim.bt2	0.159517	AC2	AC2	within_AC2
N112.trim.bt2	N136.trim.bt2	0.174202	AC2	AC2	within_AC2
N113.trim.bt2	N136.trim.bt2	0.17866	AC2	AC2	within_AC2
N114.trim.bt2	N136.trim.bt2	0.174477	AC2	AC2	within_AC2
N115.trim.bt2	N136.trim.bt2	0.177346	AC2	AC2	within_AC2
N116.trim.bt2	N136.trim.bt2	0.429958	AC1	AC2	AC1_vs_AC2
N117.trim.bt2	N136.trim.bt2	0.170309	AC2	AC2	within_AC2
N118.trim.bt2	N136.trim.bt2	0.429525	AC3	AC2	AC2_vs_AC3
N119.trim.bt2	N136.trim.bt2	0.417748	AC3	AC2	AC2_vs_AC3
N120.trim.bt2	N136.trim.bt2	0.416632	AC3	AC2	AC2_vs_AC3
N121.trim.bt2	N136.trim.bt2	0.426672	AC3	AC2	AC2_vs_AC3
N122.trim.bt2	N136.trim.bt2	0.428098	AC3	AC2	AC2_vs_AC3
N123.trim.bt2	N136.trim.bt2	0.42035	AC3	AC2	AC2_vs_AC3
N124.trim.bt2	N136.trim.bt2	0.423651	AC3	AC2	AC2_vs_AC3
N125.trim.bt2	N136.trim.bt2	0.425734	AC3	AC2	AC2_vs_AC3
N126.trim.bt2	N136.trim.bt2	0.178246	AC2	AC2	within_AC2
N127.trim.bt2	N136.trim.bt2	0.440607	AC1	AC2	AC1_vs_AC2
N128.trim.bt2	N136.trim.bt2	0.168386	AC2	AC2	within_AC2
N129.trim.bt2	N136.trim.bt2	0.16881	AC2	AC2	within_AC2
N130.trim.bt2	N136.trim.bt2	0.421862	AC1	AC2	AC1_vs_AC2
N131.trim.bt2	N136.trim.bt2	0.430705	AC3	AC2	AC2_vs_AC3
N132.trim.bt2	N136.trim.bt2	0.162945	AC2	AC2	within_AC2
N133.trim.bt2	N136.trim.bt2	0.411838	AC3	AC2	AC2_vs_AC3
N134.trim.bt2	N136.trim.bt2	0.176349	AC2	AC2	within_AC2
N135.trim.bt2	N136.trim.bt2	0.164863	AC2	AC2	within_AC2
N100.trim.bt2	N137.trim.bt2	0.434551	AC1	AC2	AC1_vs_AC2
N101.trim.bt2	N137.trim.bt2	0.163607	AC2	AC2	within_AC2
N102.trim.bt2	N137.trim.bt2	0.176782	AC2	AC2	within_AC2
N103.trim.bt2	N137.trim.bt2	0.418033	AC1	AC2	AC1_vs_AC2
N104.trim.bt2	N137.trim.bt2	0.167412	AC2	AC2	within_AC2
N105.trim.bt2	N137.trim.bt2	0.176255	AC2	AC2	within_AC2
N106.trim.bt2	N137.trim.bt2	0.168365	AC2	AC2	within_AC2
N107.trim.bt2	N137.trim.bt2	0.417596	AC1	AC2	AC1_vs_AC2
N108.trim.bt2	N137.trim.bt2	0.420704	AC1	AC2	AC1_vs_AC2
N109.trim.bt2	N137.trim.bt2	0.16805	AC2	AC2	within_AC2
N110.trim.bt2	N137.trim.bt2	0.163374	AC2	AC2	within_AC2
N111.trim.bt2	N137.trim.bt2	0.16281	AC2	AC2	within_AC2
N112.trim.bt2	N137.trim.bt2	0.169889	AC2	AC2	within_AC2
N113.trim.bt2	N137.trim.bt2	0.16906	AC2	AC2	within_AC2
N114.trim.bt2	N137.trim.bt2	0.165767	AC2	AC2	within_AC2
N115.trim.bt2	N137.trim.bt2	0.175748	AC2	AC2	within_AC2
N116.trim.bt2	N137.trim.bt2	0.433599	AC1	AC2	AC1_vs_AC2
N117.trim.bt2	N137.trim.bt2	0.176157	AC2	AC2	within_AC2
N118.trim.bt2	N137.trim.bt2	0.432934	AC3	AC2	AC2_vs_AC3
N119.trim.bt2	N137.trim.bt2	0.426971	AC3	AC2	AC2_vs_AC3
N120.trim.bt2	N137.trim.bt2	0.430395	AC3	AC2	AC2_vs_AC3
N121.trim.bt2	N137.trim.bt2	0.4291	AC3	AC2	AC2_vs_AC3
N122.trim.bt2	N137.trim.bt2	0.432144	AC3	AC2	AC2_vs_AC3
N123.trim.bt2	N137.trim.bt2	0.422489	AC3	AC2	AC2_vs_AC3
N124.trim.bt2	N137.trim.bt2	0.434622	AC3	AC2	AC2_vs_AC3
N125.trim.bt2	N137.trim.bt2	0.440887	AC3	AC2	AC2_vs_AC3
N126.trim.bt2	N137.trim.bt2	0.17797	AC2	AC2	within_AC2
N127.trim.bt2	N137.trim.bt2	0.427382	AC1	AC2	AC1_vs_AC2
N128.trim.bt2	N137.trim.bt2	0.169054	AC2	AC2	within_AC2
N129.trim.bt2	N137.trim.bt2	0.162407	AC2	AC2	within_AC2
N130.trim.bt2	N137.trim.bt2	0.422506	AC1	AC2	AC1_vs_AC2
N131.trim.bt2	N137.trim.bt2	0.430744	AC3	AC2	AC2_vs_AC3
N132.trim.bt2	N137.trim.bt2	0.172895	AC2	AC2	within_AC2
N133.trim.bt2	N137.trim.bt2	0.425979	AC3	AC2	AC2_vs_AC3
N134.trim.bt2	N137.trim.bt2	0.163088	AC2	AC2	within_AC2
N135.trim.bt2	N137.trim.bt2	0.172671	AC2	AC2	within_AC2
N136.trim.bt2	N137.trim.bt2	0.168465	AC2	AC2	within_AC2
N100.trim.bt2	N138.trim.bt2	0.489889	AC1	AC3	AC1_vs_AC3
N101.trim.bt2	N138.trim.bt2	0.430687	AC2	AC3	AC2_vs_AC3
N102.trim.bt2	N138.trim.bt2	0.411717	AC2	AC3	AC2_vs_AC3
N103.trim.bt2	N138.trim.bt2	0.480198	AC1	AC3	AC1_vs_AC3
N104.trim.bt2	N138.trim.bt2	0.422386	AC2	AC3	AC2_vs_AC3
N105.trim.bt2	N138.trim.bt2	0.433799	AC2	AC3	AC2_vs_AC3
N106.trim.bt2	N138.trim.bt2	0.42734	AC2	AC3	AC2_vs_AC3
N107.trim.bt2	N138.trim.bt2	0.468659	AC1	AC3	AC1_vs_AC3
N108.trim.bt2	N138.trim.bt2	0.473159	AC1	AC3	AC1_vs_AC3
N109.trim.bt2	N138.trim.bt2	0.430422	AC2	AC3	AC2_vs_AC3
N110.trim.bt2	N138.trim.bt2	0.420091	AC2	AC3	AC2_vs_AC3
N111.trim.bt2	N138.trim.bt2	0.422805	AC2	AC3	AC2_vs_AC3
N112.trim.bt2	N138.trim.bt2	0.425249	AC2	AC3	AC2_vs_AC3
N113.trim.bt2	N138.trim.bt2	0.423013	AC2	AC3	AC2_vs_AC3
N114.trim.bt2	N138.trim.bt2	0.431027	AC2	AC3	AC2_vs_AC3
N115.trim.bt2	N138.trim.bt2	0.424092	AC2	AC3	AC2_vs_AC3
N116.trim.bt2	N138.trim.bt2	0.476891	AC1	AC3	AC1_vs_AC3
N117.trim.bt2	N138.trim.bt2	0.42403	AC2	AC3	AC2_vs_AC3
N118.trim.bt2	N138.trim.bt2	0.172671	AC3	AC3	within_AC3
N119.trim.bt2	N138.trim.bt2	0.179434	AC3	AC3	within_AC3
N120.trim.bt2	N138.trim.bt2	0.179117	AC3	AC3	within_AC3
N121.trim.bt2	N138.trim.bt2	0.165429	AC3	AC3	within_AC3
N122.trim.bt2	N138.trim.bt2	0.169002	AC3	AC3	within_AC3
N123.trim.bt2	N138.trim.bt2	0.173571	AC3	AC3	within_AC3
N124.trim.bt2	N138.trim.bt2	0.169415	AC3	AC3	within_AC3
N125.trim.bt2	N138.trim.bt2	0.164406	AC3	AC3	within_AC3
N126.trim.bt2	N138.trim.bt2	0.425259	AC2	AC3	AC2_vs_AC3
N127.trim.bt2	N138.trim.bt2	0.472933	AC1	AC3	AC1_vs_AC3
N128.trim.bt2	N138.trim.bt2	0.42533	AC2	AC3	AC2_vs_AC3
N129.trim.bt2	N138.trim.bt2	0.422278	AC2	AC3	AC2_vs_AC3
N130.trim.bt2	N138.trim.bt2	0.461857	AC1	AC3	AC1_vs_AC3
N131.trim.bt2	N138.trim.bt2	0.177659	AC3	AC3	within_AC3
N132.trim.bt2	N138.trim.bt2	0.425506	AC2	AC3	AC2_vs_AC3
N133.trim.bt2	N138.trim.bt2	0.171369	AC3	AC3	within_AC3
N134.trim.bt2	N138.trim.bt2	0.431006	AC2	AC3	AC2_vs_AC3
N135.trim.bt2	N138.trim.bt2	0.426845	AC2	AC3	AC2_vs_AC3
N136.trim.bt2	N138.trim.bt2	0.42547	AC2	AC3	AC2_vs_AC3
N137.trim.bt2	N138.trim.bt2	0.429519	AC2	AC3	AC2_vs_AC3
N100.trim.bt2	N139.trim.bt2	0.458983	AC1	AC2	AC1_vs_AC2
N101.trim.bt2	N139.trim.bt2	0.172638	AC2	AC2	within_AC2
N102.trim.bt2	N139.trim.bt2	0.164361	AC2	AC2	within_AC2
N103.trim.bt2	N139.trim.bt2	0.428513	AC1	AC2	AC1_vs_AC2
N104.trim.bt2	N139.trim.bt2	0.169237	AC2	AC2	within_AC2
N105.trim.bt2	N139.trim.bt2	0.179633	AC2	AC2	within_AC2
N106.trim.bt2	N139.trim.bt2	0.17956	AC2	AC2	within_AC2
N107.trim.bt2	N139.trim.bt2	0.423442	AC1	AC2	AC1_vs_AC2
N108.trim.bt2	N139.trim.bt2	0.429694	AC1	AC2	AC1_vs_AC2
N109.trim.bt2	N139.trim.bt2	0.179561	AC2	AC2	within_AC2
N110.trim.bt2	N139.trim.bt2	0.170712	AC2	AC2	within_AC2
N111.trim.bt2	N139.trim.bt2	0.179265	AC2	AC2	within_AC2
N112.trim.bt2	N139.trim.bt2	0.163853	AC2	AC2	within_AC2
N113.trim.bt2	N139.trim.bt2	0.175215	AC2	AC2	within_AC2
N114.trim.bt2	N139.trim.bt2	0.175519	AC2	AC2	within_AC2
N115.trim.bt2	N139.trim.bt2	0.169394	AC2	AC2	within_AC2
N116.trim.bt2	N139.trim.bt2	0.44672	AC1	AC2	AC1_vs_AC2
N117.trim.bt2	N139.trim.bt2	0.161211	AC2	AC2	within_AC2
N118.trim.bt2	N139.trim.bt2	0.430458	AC3	AC2	AC2_vs_AC3
N119.trim.bt2	N139.trim.bt2	0.43112	AC3	AC2	AC2_vs_AC3
N120.trim.bt2	N139.trim.bt2	0.434281	AC3	AC2	AC2_vs_AC3
N121.trim.bt2	N139.trim.bt2	0.426223	AC3	AC2	AC2_vs_AC3
N122.trim.bt2	N139.trim.bt2	0.437192	AC3	AC2	AC2_vs_AC3
N123.trim.bt2	N139.trim.bt2	0.431106	AC3	AC2	AC2_vs_AC3
N124.trim.bt2	N139.trim.bt2	0.435265	AC3	AC2	AC2_vs_AC3
N125.trim.bt2	N139.trim.bt2	0.436192	AC3	AC2	AC2_vs_AC3
N126.trim.bt2	N139.trim.bt2	0.16612	AC2	AC2	within_AC2
N127.trim.bt2	N139.trim.bt2	0.446667	AC1	AC2	AC1_vs_AC2
N128.trim.bt2	N139.trim.bt2	0.172259	AC2	AC2	within_AC2
N129.trim.bt2	N139.trim.bt2	0.174557	AC2	AC2	within_AC2
N130.trim.bt2	N139.trim.bt2	0.434693	AC1	AC2	AC1_vs_AC2
N131.trim.bt2	N139.trim.bt2	0.440329	AC3	AC2	AC2_vs_AC3
N132.trim.bt2	N139.trim.bt2	0.162085	AC2	AC2	within_AC2
N133.trim.bt2	N139.trim.bt2	0.428512	AC3	AC2	AC2_vs_AC3
N134.trim.bt2	N139.trim.bt2	0.170169	AC2	AC2	within_AC2
N135.trim.bt2	N139.trim.bt2	0.169975	AC2	AC2	within_AC2
N136.trim.bt2	N139.trim.bt2	0.175838	AC2	AC2	within_AC2
N137.trim.bt2	N139.trim.bt2	0.175503	AC2	AC2	within_AC2
N138.trim.bt2	N139.trim.bt2	0.431177	AC3	AC2	AC2_vs_AC3
N100.trim.bt2	N140.trim.bt2	0.477759	AC1	AC3	AC1_vs_AC3
N101.trim.bt2	N140.trim.bt2	0.42541	AC2	AC3	AC2_vs_AC3
N102.trim.bt2	N140.trim.bt2	0.41585	AC2	AC3	AC2_vs_AC3
N103.trim.bt2	N140.trim.bt2	0.459259	AC1	AC3	AC1_vs_AC3
N104.trim.bt2	N140.trim.bt2	0.422983	AC2	AC3	AC2_vs_AC3
N105.trim.bt2	N140.trim.bt2	0.424354	AC2	AC3	AC2_vs_AC3
N106.trim.bt2	N140.trim.bt2	0.425358	AC2	AC3	AC2_vs_AC3
N107.trim.bt2	N140.trim.bt2	0.454018	AC1	AC3	AC1_vs_AC3
N108.trim.bt2	N140.trim.bt2	0.461155	AC1	AC3	AC1_vs_AC3
N109.trim.bt2	N140.trim.bt2	0.429821	AC2	AC3	AC2_vs_AC3
N110.trim.bt2	N140.trim.bt2	0.409599	AC2	AC3	AC2_vs_AC3
N111.trim.bt2	N140.trim.bt2	0.415141	AC2	AC3	AC2_vs_AC3
N112.trim.bt2	N140.trim.bt2	0.422599	AC2	AC3	AC2_vs_AC3
N113.trim.bt2	N140.trim.bt2	0.419687	AC2	AC3	AC2_vs_AC3
N114.trim.bt2	N140.trim.bt2	0.424927	AC2	AC3	AC2_vs_AC3
N115.trim.bt2	N140.trim.bt2	0.420707	AC2	AC3	AC2_vs_AC3
N116.trim.bt2	N140.trim.bt2	0.469353	AC1	AC3	AC1_vs_AC3
N117.trim.bt2	N140.trim.bt2	0.422113	AC2	AC3	AC2_vs_AC3
N118.trim.bt2	N140.trim.bt2	0.181743	AC3	AC3	within_AC3
N119.trim.bt2	N140.trim.bt2	0.16971	AC3	AC3	within_AC3
N120.trim.bt2	N140.trim.bt2	0.175937	AC3	AC3	within_AC3
N121.trim.bt2	N140.trim.bt2	0.168997	AC3	AC3	within_AC3
N122.trim.bt2	N140.trim.bt2	0.168036	AC3	AC3	within_AC3
N123.trim.bt2	N140.trim.bt2	0.175888	AC3	AC3	within_AC3
N124.trim.bt2	N140.trim.bt2	0.175309	AC3	AC3	within_AC3
N125.trim.bt2	N140.trim.bt2	0.174949	AC3	AC3	within_AC3
N126.trim.bt2	N140.trim.bt2	0.416598	AC2	AC3	AC2_vs_AC3
N127.trim.bt2	N140.trim.bt2	0.468645	AC1	AC3	AC1_vs_AC3
N128.trim.bt2	N140.trim.bt2	0.419885	AC2	AC3	AC2_vs_AC3
N129.trim.bt2	N140.trim.bt2	0.420356	AC2	AC3	AC2_vs_AC3
N130.trim.bt2	N140.trim.bt2	0.448946	AC1	AC3	AC1_vs_AC3
N131.trim.bt2	N140.trim.bt2	0.172215	AC3	AC3	within_AC3
N132.trim.bt2	N140.trim.bt2	0.417148	AC2	AC3	AC2_vs_AC3
N133.trim.bt2	N140.trim.bt2	0.175185	AC3	AC3	within_AC3
N134.trim.bt2	N140.trim.bt2	0.42271	AC2	AC3	AC2_vs_AC3
N135.trim.bt2	N140.trim.bt2	0.422741	AC2	AC3	AC2_vs_AC3
N136.trim.bt2	N140.trim.bt2	0.41778	AC2	AC3	AC2_vs_AC3
N137.trim.bt2	N140.trim.bt2	0.427449	AC2	AC3	AC2_vs_AC3
N138.trim.bt2	N140.trim.bt2	0.179328	AC3	AC3	within_AC3
N139.trim.bt2	N140.trim.bt2	0.429397	AC2	AC3	AC2_vs_AC3
N100.trim.bt2	N141.trim.bt2	0.487297	AC1	AC3	AC1_vs_AC3
N101.trim.bt2	N141.trim.bt2	0.43278	AC2	AC3	AC2_vs_AC3
N102.trim.bt2	N141.trim.bt2	0.424079	AC2	AC3	AC2_vs_AC3
N103.trim.bt2	N141.trim.bt2	0.475021	AC1	AC3	AC1_vs_AC3
N104.trim.bt2	N141.trim.bt2	0.439719	AC2	AC3	AC2_vs_AC3
N105.trim.bt2	N141.trim.bt2	0.437344	AC2	AC3	AC2_vs_AC3
N106.trim.bt2	N141.trim.bt2	0.434783	AC2	AC3	AC2_vs_AC3
N107.trim.bt2	N141.trim.bt2	0.469824	AC1	AC3	AC1_vs_AC3
N108.trim.bt2	N141.trim.bt2	0.472888	AC1	AC3	AC1_vs_AC3
N109.trim.bt2	N141.trim.bt2	0.439815	AC2	AC3	AC2_vs_AC3
N110.trim.bt2	N141.trim.bt2	0.421273	AC2	AC3	AC2_vs_AC3
N111.trim.bt2	N141.trim.bt2	0.43073	AC2	AC3	AC2_vs_AC3
N112.trim.bt2	N141.trim.bt2	0.428631	AC2	AC3	AC2_vs_AC3
N113.trim.bt2	N141.trim.bt2	0.434601	AC2	AC3	AC2_vs_AC3
N114.trim.bt2	N141.trim.bt2	0.439055	AC2	AC3	AC2_vs_AC3
N115.trim.bt2	N141.trim.bt2	0.428988	AC2	AC3	AC2_vs_AC3
N116.trim.bt2	N141.trim.bt2	0.476636	AC1	AC3	AC1_vs_AC3
N117.trim.bt2	N141.trim.bt2	0.430532	AC2	AC3	AC2_vs_AC3
N118.trim.bt2	N141.trim.bt2	0.168891	AC3	AC3	within_AC3
N119.trim.bt2	N141.trim.bt2	0.179573	AC3	AC3	within_AC3
N120.trim.bt2	N141.trim.bt2	0.175219	AC3	AC3	within_AC3
N121.trim.bt2	N141.trim.bt2	0.174782	AC3	AC3	within_AC3
N122.trim.bt2	N141.trim.bt2	0.16978	AC3	AC3	within_AC3
N123.trim.bt2	N141.trim.bt2	0.170284	AC3	AC3	within_AC3
N124.trim.bt2	N141.trim.bt2	0.174274	AC3	AC3	within_AC3
N125.trim.bt2	N141.trim.bt2	0.172414	AC3	AC3	within_AC3
N126.trim.bt2	N141.trim.bt2	0.43084	AC2	AC3	AC2_vs_AC3
N127.trim.bt2	N141.trim.bt2	0.480388	AC1	AC3	AC1_vs_AC3
N128.trim.bt2	N141.trim.bt2	0.431185	AC2	AC3	AC2_vs_AC3
N129.trim.bt2	N141.trim.bt2	0.428152	AC2	AC3	AC2_vs_AC3
N130.trim.bt2	N141.trim.bt2	0.456904	AC1	AC3	AC1_vs_AC3
N131.trim.bt2	N141.trim.bt2	0.181214	AC3	AC3	within_AC3
N132.trim.bt2	N141.trim.bt2	0.432263	AC2	AC3	AC2_vs_AC3
N133.trim.bt2	N141.trim.bt2	0.168685	AC3	AC3	within_AC3
N134.trim.bt2	N141.trim.bt2	0.432161	AC2	AC3	AC2_vs_AC3
N135.trim.bt2	N141.trim.bt2	0.431158	AC2	AC3	AC2_vs_AC3
N136.trim.bt2	N141.trim.bt2	0.427368	AC2	AC3	AC2_vs_AC3
N137.trim.bt2	N141.trim.bt2	0.434437	AC2	AC3	AC2_vs_AC3
N138.trim.bt2	N141.trim.bt2	0.174822	AC3	AC3	within_AC3
N139.trim.bt2	N141.trim.bt2	0.441238	AC2	AC3	AC2_vs_AC3
N140.trim.bt2	N141.trim.bt2	0.163948	AC3	AC3	within_AC3
N100.trim.bt2	N142.trim.bt2	0.217933	AC1	AC1	within_AC1
N101.trim.bt2	N142.trim.bt2	0.434331	AC2	AC1	AC1_vs_AC2
N102.trim.bt2	N142.trim.bt2	0.445828	AC2	AC1	AC1_vs_AC2
N103.trim.bt2	N142.trim.bt2	0.209784	AC1	AC1	within_AC1
N104.trim.bt2	N142.trim.bt2	0.440629	AC2	AC1	AC1_vs_AC2
N105.trim.bt2	N142.trim.bt2	0.433028	AC2	AC1	AC1_vs_AC2
N106.trim.bt2	N142.trim.bt2	0.436825	AC2	AC1	AC1_vs_AC2
N107.trim.bt2	N142.trim.bt2	0.212286	AC1	AC1	within_AC1
N108.trim.bt2	N142.trim.bt2	0.225753	AC1	AC1	within_AC1
N109.trim.bt2	N142.trim.bt2	0.451014	AC2	AC1	AC1_vs_AC2
N110.trim.bt2	N142.trim.bt2	0.440302	AC2	AC1	AC1_vs_AC2
N111.trim.bt2	N142.trim.bt2	0.447113	AC2	AC1	AC1_vs_AC2
N112.trim.bt2	N142.trim.bt2	0.44505	AC2	AC1	AC1_vs_AC2
N113.trim.bt2	N142.trim.bt2	0.441841	AC2	AC1	AC1_vs_AC2
N114.trim.bt2	N142.trim.bt2	0.447313	AC2	AC1	AC1_vs_AC2
N115.trim.bt2	N142.trim.bt2	0.43197	AC2	AC1	AC1_vs_AC2
N116.trim.bt2	N142.trim.bt2	0.213924	AC1	AC1	within_AC1
N117.trim.bt2	N142.trim.bt2	0.442219	AC2	AC1	AC1_vs_AC2
N118.trim.bt2	N142.trim.bt2	0.485498	AC3	AC1	AC1_vs_AC3
N119.trim.bt2	N142.trim.bt2	0.479307	AC3	AC1	AC1_vs_AC3
N120.trim.bt2	N142.trim.bt2	0.461409	AC3	AC1	AC1_vs_AC3
N121.trim.bt2	N142.trim.bt2	0.486001	AC3	AC1	AC1_vs_AC3
N122.trim.bt2	N142.trim.bt2	0.474124	AC3	AC1	AC1_vs_AC3
N123.trim.bt2	N142.trim.bt2	0.48089	AC3	AC1	AC1_vs_AC3
N124.trim.bt2	N142.trim.bt2	0.482845	AC3	AC1	AC1_vs_AC3
N125.trim.bt2	N142.trim.bt2	0.470785	AC3	AC1	AC1_vs_AC3
N126.trim.bt2	N142.trim.bt2	0.428452	AC2	AC1	AC1_vs_AC2
N127.trim.bt2	N142.trim.bt2	0.211167	AC1	AC1	within_AC1
N128.trim.bt2	N142.trim.bt2	0.4375	AC2	AC1	AC1_vs_AC2
N129.trim.bt2	N142.trim.bt2	0.436134	AC2	AC1	AC1_vs_AC2
N130.trim.bt2	N142.trim.bt2	0.210395	AC1	AC1	within_AC1
N131.trim.bt2	N142.trim.bt2	0.478461	AC3	AC1	AC1_vs_AC3
N132.trim.bt2	N142.trim.bt2	0.446257	AC2	AC1	AC1_vs_AC2
N133.trim.bt2	N142.trim.bt2	0.467674	AC3	AC1	AC1_vs_AC3
N134.trim.bt2	N142.trim.bt2	0.435002	AC2	AC1	AC1_vs_AC2
N135.trim.bt2	N142.trim.bt2	0.44941	AC2	AC1	AC1_vs_AC2
N136.trim.bt2	N142.trim.bt2	0.436417	AC2	AC1	AC1_vs_AC2
N137.trim.bt2	N142.trim.bt2	0.437657	AC2	AC1	AC1_vs_AC2
N138.trim.bt2	N142.trim.bt2	0.475749	AC3	AC1	AC1_vs_AC3
N139.trim.bt2	N142.trim.bt2	0.446916	AC2	AC1	AC1_vs_AC2
N140.trim.bt2	N142.trim.bt2	0.470143	AC3	AC1	AC1_vs_AC3
N141.trim.bt2	N142.trim.bt2	0.477041	AC3	AC1	AC1_vs_AC3
N100.trim.bt2	N143.trim.bt2	0.482801	AC1	AC3	AC1_vs_AC3
N101.trim.bt2	N143.trim.bt2	0.425918	AC2	AC3	AC2_vs_AC3
N102.trim.bt2	N143.trim.bt2	0.41718	AC2	AC3	AC2_vs_AC3
N103.trim.bt2	N143.trim.bt2	0.464789	AC1	AC3	AC1_vs_AC3
N104.trim.bt2	N143.trim.bt2	0.432144	AC2	AC3	AC2_vs_AC3
N105.trim.bt2	N143.trim.bt2	0.425453	AC2	AC3	AC2_vs_AC3
N106.trim.bt2	N143.trim.bt2	0.426689	AC2	AC3	AC2_vs_AC3
N107.trim.bt2	N143.trim.bt2	0.46372	AC1	AC3	AC1_vs_AC3
N108.trim.bt2	N143.trim.bt2	0.462599	AC1	AC3	AC1_vs_AC3
N109.trim.bt2	N143.trim.bt2	0.428092	AC2	AC3	AC2_vs_AC3
N110.trim.bt2	N143.trim.bt2	0.421075	AC2	AC3	AC2_vs_AC3
N111.trim.bt2	N143.trim.bt2	0.428154	AC2	AC3	AC2_vs_AC3
N112.trim.bt2	N143.trim.bt2	0.422981	AC2	AC3	AC2_vs_AC3
N113.trim.bt2	N143.trim.bt2	0.42472	AC2	AC3	AC2_vs_AC3
N114.trim.bt2	N143.trim.bt2	0.42767	AC2	AC3	AC2_vs_AC3
N115.trim.bt2	N143.trim.bt2	0.426209	AC2	AC3	AC2_vs_AC3
N116.trim.bt2	N143.trim.bt2	0.473195	AC1	AC3	AC1_vs_AC3
N117.trim.bt2	N143.trim.bt2	0.423013	AC2	AC3	AC2_vs_AC3
N118.trim.bt2	N143.trim.bt2	0.173787	AC3	AC3	within_AC3
N119.trim.bt2	N143.trim.bt2	0.164927	AC3	AC3	within_AC3
N120.trim.bt2	N143.trim.bt2	0.171571	AC3	AC3	within_AC3
N121.trim.bt2	N143.trim.bt2	0.164876	AC3	AC3	within_AC3
N122.trim.bt2	N143.trim.bt2	0.163232	AC3	AC3	within_AC3
N123.trim.bt2	N143.trim.bt2	0.169576	AC3	AC3	within_AC3
N124.trim.bt2	N143.trim.bt2	0.164117	AC3	AC3	within_AC3
N125.trim.bt2	N143.trim.bt2	0.162397	AC3	AC3	within_AC3
N126.trim.bt2	N143.trim.bt2	0.424116	AC2	AC3	AC2_vs_AC3
N127.trim.bt2	N143.trim.bt2	0.472269	AC1	AC3	AC1_vs_AC3
N128.trim.bt2	N143.trim.bt2	0.427273	AC2	AC3	AC2_vs_AC3
N129.trim.bt2	N143.trim.bt2	0.419516	AC2	AC3	AC2_vs_AC3
N130.trim.bt2	N143.trim.bt2	0.450312	AC1	AC3	AC1_vs_AC3
N131.trim.bt2	N143.trim.bt2	0.170389	AC3	AC3	within_AC3
N132.trim.bt2	N143.trim.bt2	0.425497	AC2	AC3	AC2_vs_AC3
N133.trim.bt2	N143.trim.bt2	0.174472	AC3	AC3	within_AC3
N134.trim.bt2	N143.trim.bt2	0.434946	AC2	AC3	AC2_vs_AC3
N135.trim.bt2	N143.trim.bt2	0.428213	AC2	AC3	AC2_vs_AC3
N136.trim.bt2	N143.trim.bt2	0.420059	AC2	AC3	AC2_vs_AC3
N137.trim.bt2	N143.trim.bt2	0.427443	AC2	AC3	AC2_vs_AC3
N138.trim.bt2	N143.trim.bt2	0.174927	AC3	AC3	within_AC3
N139.trim.bt2	N143.trim.bt2	0.428453	AC2	AC3	AC2_vs_AC3
N140.trim.bt2	N143.trim.bt2	0.162375	AC3	AC3	within_AC3
N141.trim.bt2	N143.trim.bt2	0.169534	AC3	AC3	within_AC3
N142.trim.bt2	N143.trim.bt2	0.470464	AC1	AC3	AC1_vs_AC3
N100.trim.bt2	N99.trim.bt2	0.447955	AC1	AC2	AC1_vs_AC2
N101.trim.bt2	N99.trim.bt2	0.183871	AC2	AC2	within_AC2
N102.trim.bt2	N99.trim.bt2	0.171624	AC2	AC2	within_AC2
N103.trim.bt2	N99.trim.bt2	0.431404	AC1	AC2	AC1_vs_AC2
N104.trim.bt2	N99.trim.bt2	0.173878	AC2	AC2	within_AC2
N105.trim.bt2	N99.trim.bt2	0.1764	AC2	AC2	within_AC2
N106.trim.bt2	N99.trim.bt2	0.185588	AC2	AC2	within_AC2
N107.trim.bt2	N99.trim.bt2	0.411093	AC1	AC2	AC1_vs_AC2
N108.trim.bt2	N99.trim.bt2	0.422259	AC1	AC2	AC1_vs_AC2
N109.trim.bt2	N99.trim.bt2	0.166804	AC2	AC2	within_AC2
N110.trim.bt2	N99.trim.bt2	0.180929	AC2	AC2	within_AC2
N111.trim.bt2	N99.trim.bt2	0.159296	AC2	AC2	within_AC2
N112.trim.bt2	N99.trim.bt2	0.171964	AC2	AC2	within_AC2
N113.trim.bt2	N99.trim.bt2	0.171127	AC2	AC2	within_AC2
N114.trim.bt2	N99.trim.bt2	0.168451	AC2	AC2	within_AC2
N115.trim.bt2	N99.trim.bt2	0.171255	AC2	AC2	within_AC2
N116.trim.bt2	N99.trim.bt2	0.43856	AC1	AC2	AC1_vs_AC2
N117.trim.bt2	N99.trim.bt2	0.170781	AC2	AC2	within_AC2
N118.trim.bt2	N99.trim.bt2	0.438418	AC3	AC2	AC2_vs_AC3
N119.trim.bt2	N99.trim.bt2	0.433265	AC3	AC2	AC2_vs_AC3
N120.trim.bt2	N99.trim.bt2	0.424156	AC3	AC2	AC2_vs_AC3
N121.trim.bt2	N99.trim.bt2	0.429383	AC3	AC2	AC2_vs_AC3
N122.trim.bt2	N99.trim.bt2	0.431349	AC3	AC2	AC2_vs_AC3
N123.trim.bt2	N99.trim.bt2	0.426765	AC3	AC2	AC2_vs_AC3
N124.trim.bt2	N99.trim.bt2	0.434712	AC3	AC2	AC2_vs_AC3
N125.trim.bt2	N99.trim.bt2	0.434184	AC3	AC2	AC2_vs_AC3
N126.trim.bt2	N99.trim.bt2	0.182188	AC2	AC2	within_AC2
N127.trim.bt2	N99.trim.bt2	0.432455	AC1	AC2	AC1_vs_AC2
N128.trim.bt2	N99.trim.bt2	0.174282	AC2	AC2	within_AC2
N129.trim.bt2	N99.trim.bt2	0.168026	AC2	AC2	within_AC2
N130.trim.bt2	N99.trim.bt2	0.432059	AC1	AC2	AC1_vs_AC2
N131.trim.bt2	N99.trim.bt2	0.430488	AC3	AC2	AC2_vs_AC3
N132.trim.bt2	N99.trim.bt2	0.161526	AC2	AC2	within_AC2
N133.trim.bt2	N99.trim.bt2	0.426998	AC3	AC2	AC2_vs_AC3
N134.trim.bt2	N99.trim.bt2	0.174765	AC2	AC2	within_AC2
N135.trim.bt2	N99.trim.bt2	0.173093	AC2	AC2	within_AC2
N136.trim.bt2	N99.trim.bt2	0.174199	AC2	AC2	within_AC2
N137.trim.bt2	N99.trim.bt2	0.153439	AC2	AC2	within_AC2
N138.trim.bt2	N99.trim.bt2	0.431204	AC3	AC2	AC2_vs_AC3
N139.trim.bt2	N99.trim.bt2	0.168836	AC2	AC2	within_AC2
N140.trim.bt2	N99.trim.bt2	0.430029	AC3	AC2	AC2_vs_AC3
N141.trim.bt2	N99.trim.bt2	0.441043	AC3	AC2	AC2_vs_AC3
N142.trim.bt2	N99.trim.bt2	0.441774	AC1	AC2	AC1_vs_AC2
N143.trim.bt2	N99.trim.bt2	0.428043	AC3	AC2	AC2_vs_AC3
