sample1	sample2	genet1	genet2	comparison	nSites	rab
N100.trim.bt2	N101.trim.bt2	AC1	AC2	AC1-AC2	2460	0.000000
N100.trim.bt2	N102.trim.bt2	AC1	AC2	AC1-AC2	2467	0.000000
N100.trim.bt2	N103.trim.bt2	AC1	AC1	Within AC1	2465	0.998735
N100.trim.bt2	N104.trim.bt2	AC1	AC2	AC1-AC2	2476	0.000000
N100.trim.bt2	N105.trim.bt2	AC1	AC2	AC1-AC2	2461	0.000000
N100.trim.bt2	N106.trim.bt2	AC1	AC2	AC1-AC2	2465	0.000002
N100.trim.bt2	N107.trim.bt2	AC1	AC1	Within AC1	2445	0.999140
N100.trim.bt2	N108.trim.bt2	AC1	AC1	Within AC1	2439	0.999827
N100.trim.bt2	N109.trim.bt2	AC1	AC2	AC1-AC2	2418	0.000000
N100.trim.bt2	N110.trim.bt2	AC1	AC2	AC1-AC2	2438	0.000000
N100.trim.bt2	N111.trim.bt2	AC1	AC2	AC1-AC2	2424	0.000000
N100.trim.bt2	N112.trim.bt2	AC1	AC2	AC1-AC2	2433	0.000000
N100.trim.bt2	N113.trim.bt2	AC1	AC2	AC1-AC2	2445	0.000000
N100.trim.bt2	N114.trim.bt2	AC1	AC2	AC1-AC2	2411	0.000000
N100.trim.bt2	N115.trim.bt2	AC1	AC2	AC1-AC2	2450	0.000000
N100.trim.bt2	N116.trim.bt2	AC1	AC1	Within AC1	2416	0.999516
N100.trim.bt2	N117.trim.bt2	AC1	AC2	AC1-AC2	2449	0.000001
N100.trim.bt2	N118.trim.bt2	AC1	AC3	AC1-AC3	2434	0.000001
N100.trim.bt2	N119.trim.bt2	AC1	AC3	AC1-AC3	2418	0.000000
N100.trim.bt2	N120.trim.bt2	AC1	AC3	AC1-AC3	2440	0.000000
N100.trim.bt2	N121.trim.bt2	AC1	AC3	AC1-AC3	2442	0.000000
N100.trim.bt2	N122.trim.bt2	AC1	AC3	AC1-AC3	2449	0.000000
N100.trim.bt2	N123.trim.bt2	AC1	AC3	AC1-AC3	2430	0.000000
N100.trim.bt2	N124.trim.bt2	AC1	AC3	AC1-AC3	2443	0.000000
N100.trim.bt2	N125.trim.bt2	AC1	AC3	AC1-AC3	2445	0.000000
N100.trim.bt2	N126.trim.bt2	AC1	AC2	AC1-AC2	2441	0.000000
N100.trim.bt2	N127.trim.bt2	AC1	AC1	Within AC1	2425	0.999463
N100.trim.bt2	N128.trim.bt2	AC1	AC2	AC1-AC2	2454	0.000000
N100.trim.bt2	N129.trim.bt2	AC1	AC2	AC1-AC2	2429	0.000000
N100.trim.bt2	N130.trim.bt2	AC1	AC1	Within AC1	2456	1.000000
N100.trim.bt2	N131.trim.bt2	AC1	AC3	AC1-AC3	2441	0.000002
N100.trim.bt2	N132.trim.bt2	AC1	AC2	AC1-AC2	2443	0.000000
N100.trim.bt2	N133.trim.bt2	AC1	AC3	AC1-AC3	2433	0.000000
N100.trim.bt2	N134.trim.bt2	AC1	AC2	AC1-AC2	2428	0.000000
N100.trim.bt2	N135.trim.bt2	AC1	AC2	AC1-AC2	2416	0.000000
N100.trim.bt2	N136.trim.bt2	AC1	AC2	AC1-AC2	2415	0.000000
N100.trim.bt2	N137.trim.bt2	AC1	AC2	AC1-AC2	2437	0.000000
N100.trim.bt2	N138.trim.bt2	AC1	AC3	AC1-AC3	2423	0.000000
N100.trim.bt2	N139.trim.bt2	AC1	AC2	AC1-AC2	2438	0.000002
N100.trim.bt2	N140.trim.bt2	AC1	AC3	AC1-AC3	2427	0.000001
N100.trim.bt2	N141.trim.bt2	AC1	AC3	AC1-AC3	2402	0.000000
N100.trim.bt2	N142.trim.bt2	AC1	AC1	Within AC1	2409	0.999998
N100.trim.bt2	N143.trim.bt2	AC1	AC3	AC1-AC3	2414	0.000000
N100.trim.bt2	N99.trim.bt2	AC1	AC2	AC1-AC2	2469	0.000002
N101.trim.bt2	N102.trim.bt2	AC2	AC2	Within AC2	2480	0.999998
N101.trim.bt2	N103.trim.bt2	AC2	AC1	AC1-AC2	2465	0.000000
N101.trim.bt2	N104.trim.bt2	AC2	AC2	Within AC2	2486	0.999553
N101.trim.bt2	N105.trim.bt2	AC2	AC2	Within AC2	2472	0.999401
N101.trim.bt2	N106.trim.bt2	AC2	AC2	Within AC2	2479	0.993005
N101.trim.bt2	N107.trim.bt2	AC2	AC1	AC1-AC2	2443	0.000000
N101.trim.bt2	N108.trim.bt2	AC2	AC1	AC1-AC2	2436	0.000000
N101.trim.bt2	N109.trim.bt2	AC2	AC2	Within AC2	2430	0.999764
N101.trim.bt2	N110.trim.bt2	AC2	AC2	Within AC2	2448	0.999409
N101.trim.bt2	N111.trim.bt2	AC2	AC2	Within AC2	2434	0.999709
N101.trim.bt2	N112.trim.bt2	AC2	AC2	Within AC2	2446	0.999765
N101.trim.bt2	N113.trim.bt2	AC2	AC2	Within AC2	2458	0.998452
N101.trim.bt2	N114.trim.bt2	AC2	AC2	Within AC2	2426	0.999685
N101.trim.bt2	N115.trim.bt2	AC2	AC2	Within AC2	2466	0.999999
N101.trim.bt2	N116.trim.bt2	AC2	AC1	AC1-AC2	2413	0.000000
N101.trim.bt2	N117.trim.bt2	AC2	AC2	Within AC2	2462	0.999755
N101.trim.bt2	N118.trim.bt2	AC2	AC3	AC2-AC3	2443	0.000000
N101.trim.bt2	N119.trim.bt2	AC2	AC3	AC2-AC3	2432	0.000000
N101.trim.bt2	N120.trim.bt2	AC2	AC3	AC2-AC3	2449	0.000000
N101.trim.bt2	N121.trim.bt2	AC2	AC3	AC2-AC3	2455	0.000000
N101.trim.bt2	N122.trim.bt2	AC2	AC3	AC2-AC3	2462	0.000000
N101.trim.bt2	N123.trim.bt2	AC2	AC3	AC2-AC3	2442	0.000000
N101.trim.bt2	N124.trim.bt2	AC2	AC3	AC2-AC3	2454	0.000000
N101.trim.bt2	N125.trim.bt2	AC2	AC3	AC2-AC3	2456	0.000000
N101.trim.bt2	N126.trim.bt2	AC2	AC2	Within AC2	2454	0.999339
N101.trim.bt2	N127.trim.bt2	AC2	AC1	AC1-AC2	2417	0.000000
N101.trim.bt2	N128.trim.bt2	AC2	AC2	Within AC2	2467	0.999775
N101.trim.bt2	N129.trim.bt2	AC2	AC2	Within AC2	2445	0.999001
N101.trim.bt2	N130.trim.bt2	AC2	AC1	AC1-AC2	2451	0.000000
N101.trim.bt2	N131.trim.bt2	AC2	AC3	AC2-AC3	2455	0.000000
N101.trim.bt2	N132.trim.bt2	AC2	AC2	Within AC2	2458	0.999708
N101.trim.bt2	N133.trim.bt2	AC2	AC3	AC2-AC3	2444	0.000000
N101.trim.bt2	N134.trim.bt2	AC2	AC2	Within AC2	2445	0.999175
N101.trim.bt2	N135.trim.bt2	AC2	AC2	Within AC2	2433	0.999857
N101.trim.bt2	N136.trim.bt2	AC2	AC2	Within AC2	2432	0.999988
N101.trim.bt2	N137.trim.bt2	AC2	AC2	Within AC2	2451	0.999773
N101.trim.bt2	N138.trim.bt2	AC2	AC3	AC2-AC3	2431	0.000000
N101.trim.bt2	N139.trim.bt2	AC2	AC2	Within AC2	2456	0.999999
N101.trim.bt2	N140.trim.bt2	AC2	AC3	AC2-AC3	2439	0.000001
N101.trim.bt2	N141.trim.bt2	AC2	AC3	AC2-AC3	2411	0.000000
N101.trim.bt2	N142.trim.bt2	AC2	AC1	AC1-AC2	2405	0.000000
N101.trim.bt2	N143.trim.bt2	AC2	AC3	AC2-AC3	2424	0.000000
N101.trim.bt2	N99.trim.bt2	AC2	AC2	Within AC2	2480	0.999690
N102.trim.bt2	N103.trim.bt2	AC2	AC1	AC1-AC2	2469	0.000000
N102.trim.bt2	N104.trim.bt2	AC2	AC2	Within AC2	2493	0.999372
N102.trim.bt2	N105.trim.bt2	AC2	AC2	Within AC2	2479	0.999545
N102.trim.bt2	N106.trim.bt2	AC2	AC2	Within AC2	2484	0.993183
N102.trim.bt2	N107.trim.bt2	AC2	AC1	AC1-AC2	2451	0.000000
N102.trim.bt2	N108.trim.bt2	AC2	AC1	AC1-AC2	2440	0.000000
N102.trim.bt2	N109.trim.bt2	AC2	AC2	Within AC2	2434	0.999858
N102.trim.bt2	N110.trim.bt2	AC2	AC2	Within AC2	2454	0.998566
N102.trim.bt2	N111.trim.bt2	AC2	AC2	Within AC2	2442	0.999960
N102.trim.bt2	N112.trim.bt2	AC2	AC2	Within AC2	2454	0.997923
N102.trim.bt2	N113.trim.bt2	AC2	AC2	Within AC2	2466	0.994885
N102.trim.bt2	N114.trim.bt2	AC2	AC2	Within AC2	2426	0.999997
N102.trim.bt2	N115.trim.bt2	AC2	AC2	Within AC2	2469	0.999997
N102.trim.bt2	N116.trim.bt2	AC2	AC1	AC1-AC2	2416	0.000000
N102.trim.bt2	N117.trim.bt2	AC2	AC2	Within AC2	2470	0.999999
N102.trim.bt2	N118.trim.bt2	AC2	AC3	AC2-AC3	2452	0.000000
N102.trim.bt2	N119.trim.bt2	AC2	AC3	AC2-AC3	2435	0.000000
N102.trim.bt2	N120.trim.bt2	AC2	AC3	AC2-AC3	2456	0.000000
N102.trim.bt2	N121.trim.bt2	AC2	AC3	AC2-AC3	2461	0.000000
N102.trim.bt2	N122.trim.bt2	AC2	AC3	AC2-AC3	2466	0.000000
N102.trim.bt2	N123.trim.bt2	AC2	AC3	AC2-AC3	2448	0.000000
N102.trim.bt2	N124.trim.bt2	AC2	AC3	AC2-AC3	2460	0.000000
N102.trim.bt2	N125.trim.bt2	AC2	AC3	AC2-AC3	2465	0.000000
N102.trim.bt2	N126.trim.bt2	AC2	AC2	Within AC2	2456	1.000000
N102.trim.bt2	N127.trim.bt2	AC2	AC1	AC1-AC2	2423	0.000000
N102.trim.bt2	N128.trim.bt2	AC2	AC2	Within AC2	2471	0.999999
N102.trim.bt2	N129.trim.bt2	AC2	AC2	Within AC2	2450	0.999587
N102.trim.bt2	N130.trim.bt2	AC2	AC1	AC1-AC2	2455	0.000000
N102.trim.bt2	N131.trim.bt2	AC2	AC3	AC2-AC3	2459	0.000000
N102.trim.bt2	N132.trim.bt2	AC2	AC2	Within AC2	2461	0.999473
N102.trim.bt2	N133.trim.bt2	AC2	AC3	AC2-AC3	2449	0.000000
N102.trim.bt2	N134.trim.bt2	AC2	AC2	Within AC2	2448	0.998407
N102.trim.bt2	N135.trim.bt2	AC2	AC2	Within AC2	2437	0.999865
N102.trim.bt2	N136.trim.bt2	AC2	AC2	Within AC2	2433	0.999998
N102.trim.bt2	N137.trim.bt2	AC2	AC2	Within AC2	2455	0.999999
N102.trim.bt2	N138.trim.bt2	AC2	AC3	AC2-AC3	2441	0.000000
N102.trim.bt2	N139.trim.bt2	AC2	AC2	Within AC2	2458	0.999994
N102.trim.bt2	N140.trim.bt2	AC2	AC3	AC2-AC3	2447	0.000000
N102.trim.bt2	N141.trim.bt2	AC2	AC3	AC2-AC3	2418	0.000000
N102.trim.bt2	N142.trim.bt2	AC2	AC1	AC1-AC2	2408	0.000000
N102.trim.bt2	N143.trim.bt2	AC2	AC3	AC2-AC3	2434	0.000000
N102.trim.bt2	N99.trim.bt2	AC2	AC2	Within AC2	2488	0.999997
N103.trim.bt2	N104.trim.bt2	AC1	AC2	AC1-AC2	2477	0.000000
N103.trim.bt2	N105.trim.bt2	AC1	AC2	AC1-AC2	2464	0.000001
N103.trim.bt2	N106.trim.bt2	AC1	AC2	AC1-AC2	2467	0.000001
N103.trim.bt2	N107.trim.bt2	AC1	AC1	Within AC1	2449	0.998135
N103.trim.bt2	N108.trim.bt2	AC1	AC1	Within AC1	2440	0.999613
N103.trim.bt2	N109.trim.bt2	AC1	AC2	AC1-AC2	2419	0.000000
N103.trim.bt2	N110.trim.bt2	AC1	AC2	AC1-AC2	2438	0.000000
N103.trim.bt2	N111.trim.bt2	AC1	AC2	AC1-AC2	2423	0.000000
N103.trim.bt2	N112.trim.bt2	AC1	AC2	AC1-AC2	2437	0.000000
N103.trim.bt2	N113.trim.bt2	AC1	AC2	AC1-AC2	2450	0.000000
N103.trim.bt2	N114.trim.bt2	AC1	AC2	AC1-AC2	2411	0.000000
N103.trim.bt2	N115.trim.bt2	AC1	AC2	AC1-AC2	2454	0.000000
N103.trim.bt2	N116.trim.bt2	AC1	AC1	Within AC1	2418	0.997250
N103.trim.bt2	N117.trim.bt2	AC1	AC2	AC1-AC2	2453	0.000000
N103.trim.bt2	N118.trim.bt2	AC1	AC3	AC1-AC3	2432	0.000001
N103.trim.bt2	N119.trim.bt2	AC1	AC3	AC1-AC3	2418	0.000001
N103.trim.bt2	N120.trim.bt2	AC1	AC3	AC1-AC3	2438	0.000000
N103.trim.bt2	N121.trim.bt2	AC1	AC3	AC1-AC3	2444	0.000000
N103.trim.bt2	N122.trim.bt2	AC1	AC3	AC1-AC3	2449	0.000000
N103.trim.bt2	N123.trim.bt2	AC1	AC3	AC1-AC3	2432	0.000000
N103.trim.bt2	N124.trim.bt2	AC1	AC3	AC1-AC3	2446	0.000000
N103.trim.bt2	N125.trim.bt2	AC1	AC3	AC1-AC3	2449	0.000001
N103.trim.bt2	N126.trim.bt2	AC1	AC2	AC1-AC2	2443	0.000000
N103.trim.bt2	N127.trim.bt2	AC1	AC1	Within AC1	2425	0.998444
N103.trim.bt2	N128.trim.bt2	AC1	AC2	AC1-AC2	2456	0.000000
N103.trim.bt2	N129.trim.bt2	AC1	AC2	AC1-AC2	2434	0.000000
N103.trim.bt2	N130.trim.bt2	AC1	AC1	Within AC1	2459	0.997984
N103.trim.bt2	N131.trim.bt2	AC1	AC3	AC1-AC3	2444	0.000000
N103.trim.bt2	N132.trim.bt2	AC1	AC2	AC1-AC2	2445	0.000000
N103.trim.bt2	N133.trim.bt2	AC1	AC3	AC1-AC3	2434	0.000000
N103.trim.bt2	N134.trim.bt2	AC1	AC2	AC1-AC2	2431	0.000000
N103.trim.bt2	N135.trim.bt2	AC1	AC2	AC1-AC2	2424	0.000000
N103.trim.bt2	N136.trim.bt2	AC1	AC2	AC1-AC2	2419	0.000000
N103.trim.bt2	N137.trim.bt2	AC1	AC2	AC1-AC2	2440	0.000001
N103.trim.bt2	N138.trim.bt2	AC1	AC3	AC1-AC3	2424	0.000000
N103.trim.bt2	N139.trim.bt2	AC1	AC2	AC1-AC2	2441	0.000000
N103.trim.bt2	N140.trim.bt2	AC1	AC3	AC1-AC3	2429	0.000001
N103.trim.bt2	N141.trim.bt2	AC1	AC3	AC1-AC3	2403	0.000000
N103.trim.bt2	N142.trim.bt2	AC1	AC1	Within AC1	2412	1.000000
N103.trim.bt2	N143.trim.bt2	AC1	AC3	AC1-AC3	2415	0.000000
N103.trim.bt2	N99.trim.bt2	AC1	AC2	AC1-AC2	2471	0.000000
N104.trim.bt2	N105.trim.bt2	AC2	AC2	Within AC2	2486	0.997211
N104.trim.bt2	N106.trim.bt2	AC2	AC2	Within AC2	2491	0.989628
N104.trim.bt2	N107.trim.bt2	AC2	AC1	AC1-AC2	2458	0.000000
N104.trim.bt2	N108.trim.bt2	AC2	AC1	AC1-AC2	2450	0.000000
N104.trim.bt2	N109.trim.bt2	AC2	AC2	Within AC2	2442	0.999999
N104.trim.bt2	N110.trim.bt2	AC2	AC2	Within AC2	2463	0.999161
N104.trim.bt2	N111.trim.bt2	AC2	AC2	Within AC2	2448	0.999998
N104.trim.bt2	N112.trim.bt2	AC2	AC2	Within AC2	2459	0.999999
N104.trim.bt2	N113.trim.bt2	AC2	AC2	Within AC2	2473	0.994426
N104.trim.bt2	N114.trim.bt2	AC2	AC2	Within AC2	2433	0.999999
N104.trim.bt2	N115.trim.bt2	AC2	AC2	Within AC2	2475	0.999999
N104.trim.bt2	N116.trim.bt2	AC2	AC1	AC1-AC2	2422	0.000000
N104.trim.bt2	N117.trim.bt2	AC2	AC2	Within AC2	2476	0.998802
N104.trim.bt2	N118.trim.bt2	AC2	AC3	AC2-AC3	2456	0.000000
N104.trim.bt2	N119.trim.bt2	AC2	AC3	AC2-AC3	2441	0.000000
N104.trim.bt2	N120.trim.bt2	AC2	AC3	AC2-AC3	2463	0.000001
N104.trim.bt2	N121.trim.bt2	AC2	AC3	AC2-AC3	2467	0.000000
N104.trim.bt2	N122.trim.bt2	AC2	AC3	AC2-AC3	2473	0.000000
N104.trim.bt2	N123.trim.bt2	AC2	AC3	AC2-AC3	2454	0.000001
N104.trim.bt2	N124.trim.bt2	AC2	AC3	AC2-AC3	2468	0.000000
N104.trim.bt2	N125.trim.bt2	AC2	AC3	AC2-AC3	2471	0.000001
N104.trim.bt2	N126.trim.bt2	AC2	AC2	Within AC2	2464	0.998848
N104.trim.bt2	N127.trim.bt2	AC2	AC1	AC1-AC2	2432	0.000000
N104.trim.bt2	N128.trim.bt2	AC2	AC2	Within AC2	2478	0.999993
N104.trim.bt2	N129.trim.bt2	AC2	AC2	Within AC2	2457	0.997727
N104.trim.bt2	N130.trim.bt2	AC2	AC1	AC1-AC2	2463	0.000000
N104.trim.bt2	N131.trim.bt2	AC2	AC3	AC2-AC3	2466	0.000000
N104.trim.bt2	N132.trim.bt2	AC2	AC2	Within AC2	2469	0.999098
N104.trim.bt2	N133.trim.bt2	AC2	AC3	AC2-AC3	2458	0.000000
N104.trim.bt2	N134.trim.bt2	AC2	AC2	Within AC2	2454	0.997731
N104.trim.bt2	N135.trim.bt2	AC2	AC2	Within AC2	2442	0.999998
N104.trim.bt2	N136.trim.bt2	AC2	AC2	Within AC2	2439	0.999599
N104.trim.bt2	N137.trim.bt2	AC2	AC2	Within AC2	2461	0.999805
N104.trim.bt2	N138.trim.bt2	AC2	AC3	AC2-AC3	2448	0.000000
N104.trim.bt2	N139.trim.bt2	AC2	AC2	Within AC2	2464	0.999684
N104.trim.bt2	N140.trim.bt2	AC2	AC3	AC2-AC3	2453	0.000000
N104.trim.bt2	N141.trim.bt2	AC2	AC3	AC2-AC3	2423	0.000002
N104.trim.bt2	N142.trim.bt2	AC2	AC1	AC1-AC2	2416	0.000000
N104.trim.bt2	N143.trim.bt2	AC2	AC3	AC2-AC3	2440	0.000000
N104.trim.bt2	N99.trim.bt2	AC2	AC2	Within AC2	2496	0.999999
N105.trim.bt2	N106.trim.bt2	AC2	AC2	Within AC2	2477	0.989000
N105.trim.bt2	N107.trim.bt2	AC2	AC1	AC1-AC2	2445	0.000000
N105.trim.bt2	N108.trim.bt2	AC2	AC1	AC1-AC2	2435	0.000000
N105.trim.bt2	N109.trim.bt2	AC2	AC2	Within AC2	2430	0.999927
N105.trim.bt2	N110.trim.bt2	AC2	AC2	Within AC2	2446	0.997996
N105.trim.bt2	N111.trim.bt2	AC2	AC2	Within AC2	2438	0.999997
N105.trim.bt2	N112.trim.bt2	AC2	AC2	Within AC2	2447	0.999998
N105.trim.bt2	N113.trim.bt2	AC2	AC2	Within AC2	2456	0.995849
N105.trim.bt2	N114.trim.bt2	AC2	AC2	Within AC2	2423	0.999999
N105.trim.bt2	N115.trim.bt2	AC2	AC2	Within AC2	2464	0.999999
N105.trim.bt2	N116.trim.bt2	AC2	AC1	AC1-AC2	2408	0.000000
N105.trim.bt2	N117.trim.bt2	AC2	AC2	Within AC2	2465	0.999999
N105.trim.bt2	N118.trim.bt2	AC2	AC3	AC2-AC3	2447	0.000000
N105.trim.bt2	N119.trim.bt2	AC2	AC3	AC2-AC3	2428	0.000002
N105.trim.bt2	N120.trim.bt2	AC2	AC3	AC2-AC3	2449	0.000000
N105.trim.bt2	N121.trim.bt2	AC2	AC3	AC2-AC3	2455	0.000003
N105.trim.bt2	N122.trim.bt2	AC2	AC3	AC2-AC3	2459	0.000000
N105.trim.bt2	N123.trim.bt2	AC2	AC3	AC2-AC3	2445	0.000000
N105.trim.bt2	N124.trim.bt2	AC2	AC3	AC2-AC3	2454	0.000000
N105.trim.bt2	N125.trim.bt2	AC2	AC3	AC2-AC3	2458	0.000000
N105.trim.bt2	N126.trim.bt2	AC2	AC2	Within AC2	2453	0.999399
N105.trim.bt2	N127.trim.bt2	AC2	AC1	AC1-AC2	2421	0.000000
N105.trim.bt2	N128.trim.bt2	AC2	AC2	Within AC2	2464	0.999996
N105.trim.bt2	N129.trim.bt2	AC2	AC2	Within AC2	2445	0.999036
N105.trim.bt2	N130.trim.bt2	AC2	AC1	AC1-AC2	2448	0.000000
N105.trim.bt2	N131.trim.bt2	AC2	AC3	AC2-AC3	2452	0.000000
N105.trim.bt2	N132.trim.bt2	AC2	AC2	Within AC2	2456	0.999999
N105.trim.bt2	N133.trim.bt2	AC2	AC3	AC2-AC3	2443	0.000000
N105.trim.bt2	N134.trim.bt2	AC2	AC2	Within AC2	2446	0.998933
N105.trim.bt2	N135.trim.bt2	AC2	AC2	Within AC2	2434	0.999741
N105.trim.bt2	N136.trim.bt2	AC2	AC2	Within AC2	2431	0.999955
N105.trim.bt2	N137.trim.bt2	AC2	AC2	Within AC2	2451	0.999997
N105.trim.bt2	N138.trim.bt2	AC2	AC3	AC2-AC3	2432	0.000001
N105.trim.bt2	N139.trim.bt2	AC2	AC2	Within AC2	2455	0.999998
N105.trim.bt2	N140.trim.bt2	AC2	AC3	AC2-AC3	2438	0.000000
N105.trim.bt2	N141.trim.bt2	AC2	AC3	AC2-AC3	2411	0.000001
N105.trim.bt2	N142.trim.bt2	AC2	AC1	AC1-AC2	2403	0.000000
N105.trim.bt2	N143.trim.bt2	AC2	AC3	AC2-AC3	2429	0.000000
N105.trim.bt2	N99.trim.bt2	AC2	AC2	Within AC2	2483	0.999995
N106.trim.bt2	N107.trim.bt2	AC2	AC1	AC1-AC2	2450	0.000000
N106.trim.bt2	N108.trim.bt2	AC2	AC1	AC1-AC2	2439	0.000000
N106.trim.bt2	N109.trim.bt2	AC2	AC2	Within AC2	2436	0.996480
N106.trim.bt2	N110.trim.bt2	AC2	AC2	Within AC2	2450	0.993400
N106.trim.bt2	N111.trim.bt2	AC2	AC2	Within AC2	2439	0.999997
N106.trim.bt2	N112.trim.bt2	AC2	AC2	Within AC2	2455	0.998471
N106.trim.bt2	N113.trim.bt2	AC2	AC2	Within AC2	2464	0.988479
N106.trim.bt2	N114.trim.bt2	AC2	AC2	Within AC2	2429	0.998293
N106.trim.bt2	N115.trim.bt2	AC2	AC2	Within AC2	2465	0.995972
N106.trim.bt2	N116.trim.bt2	AC2	AC1	AC1-AC2	2415	0.000000
N106.trim.bt2	N117.trim.bt2	AC2	AC2	Within AC2	2469	0.995037
N106.trim.bt2	N118.trim.bt2	AC2	AC3	AC2-AC3	2450	0.000000
N106.trim.bt2	N119.trim.bt2	AC2	AC3	AC2-AC3	2432	0.000002
N106.trim.bt2	N120.trim.bt2	AC2	AC3	AC2-AC3	2453	0.000000
N106.trim.bt2	N121.trim.bt2	AC2	AC3	AC2-AC3	2460	0.000000
N106.trim.bt2	N122.trim.bt2	AC2	AC3	AC2-AC3	2463	0.000000
N106.trim.bt2	N123.trim.bt2	AC2	AC3	AC2-AC3	2450	0.000000
N106.trim.bt2	N124.trim.bt2	AC2	AC3	AC2-AC3	2460	0.000001
N106.trim.bt2	N125.trim.bt2	AC2	AC3	AC2-AC3	2462	0.000001
N106.trim.bt2	N126.trim.bt2	AC2	AC2	Within AC2	2454	0.995923
N106.trim.bt2	N127.trim.bt2	AC2	AC1	AC1-AC2	2423	0.000000
N106.trim.bt2	N128.trim.bt2	AC2	AC2	Within AC2	2470	0.994886
N106.trim.bt2	N129.trim.bt2	AC2	AC2	Within AC2	2448	0.993126
N106.trim.bt2	N130.trim.bt2	AC2	AC1	AC1-AC2	2454	0.000000
N106.trim.bt2	N131.trim.bt2	AC2	AC3	AC2-AC3	2460	0.000000
N106.trim.bt2	N132.trim.bt2	AC2	AC2	Within AC2	2460	0.995535
N106.trim.bt2	N133.trim.bt2	AC2	AC3	AC2-AC3	2454	0.000000
N106.trim.bt2	N134.trim.bt2	AC2	AC2	Within AC2	2445	0.994856
N106.trim.bt2	N135.trim.bt2	AC2	AC2	Within AC2	2437	0.999994
N106.trim.bt2	N136.trim.bt2	AC2	AC2	Within AC2	2429	0.998307
N106.trim.bt2	N137.trim.bt2	AC2	AC2	Within AC2	2454	0.997741
N106.trim.bt2	N138.trim.bt2	AC2	AC3	AC2-AC3	2437	0.000000
N106.trim.bt2	N139.trim.bt2	AC2	AC2	Within AC2	2457	0.995922
N106.trim.bt2	N140.trim.bt2	AC2	AC3	AC2-AC3	2445	0.000000
N106.trim.bt2	N141.trim.bt2	AC2	AC3	AC2-AC3	2417	0.000000
N106.trim.bt2	N142.trim.bt2	AC2	AC1	AC1-AC2	2406	0.000000
N106.trim.bt2	N143.trim.bt2	AC2	AC3	AC2-AC3	2430	0.000000
N106.trim.bt2	N99.trim.bt2	AC2	AC2	Within AC2	2485	0.991036
N107.trim.bt2	N108.trim.bt2	AC1	AC1	Within AC1	2425	0.999119
N107.trim.bt2	N109.trim.bt2	AC1	AC2	AC1-AC2	2401	0.000000
N107.trim.bt2	N110.trim.bt2	AC1	AC2	AC1-AC2	2420	0.000000
N107.trim.bt2	N111.trim.bt2	AC1	AC2	AC1-AC2	2411	0.000000
N107.trim.bt2	N112.trim.bt2	AC1	AC2	AC1-AC2	2422	0.000000
N107.trim.bt2	N113.trim.bt2	AC1	AC2	AC1-AC2	2431	0.000000
N107.trim.bt2	N114.trim.bt2	AC1	AC2	AC1-AC2	2403	0.000000
N107.trim.bt2	N115.trim.bt2	AC1	AC2	AC1-AC2	2435	0.000000
N107.trim.bt2	N116.trim.bt2	AC1	AC1	Within AC1	2402	0.999506
N107.trim.bt2	N117.trim.bt2	AC1	AC2	AC1-AC2	2432	0.000000
N107.trim.bt2	N118.trim.bt2	AC1	AC3	AC1-AC3	2416	0.000000
N107.trim.bt2	N119.trim.bt2	AC1	AC3	AC1-AC3	2400	0.000001
N107.trim.bt2	N120.trim.bt2	AC1	AC3	AC1-AC3	2422	0.000000
N107.trim.bt2	N121.trim.bt2	AC1	AC3	AC1-AC3	2429	0.000000
N107.trim.bt2	N122.trim.bt2	AC1	AC3	AC1-AC3	2432	0.000000
N107.trim.bt2	N123.trim.bt2	AC1	AC3	AC1-AC3	2418	0.000001
N107.trim.bt2	N124.trim.bt2	AC1	AC3	AC1-AC3	2427	0.000000
N107.trim.bt2	N125.trim.bt2	AC1	AC3	AC1-AC3	2432	0.000000
N107.trim.bt2	N126.trim.bt2	AC1	AC2	AC1-AC2	2424	0.000000
N107.trim.bt2	N127.trim.bt2	AC1	AC1	Within AC1	2408	0.998159
N107.trim.bt2	N128.trim.bt2	AC1	AC2	AC1-AC2	2438	0.000000
N107.trim.bt2	N129.trim.bt2	AC1	AC2	AC1-AC2	2417	0.000000
N107.trim.bt2	N130.trim.bt2	AC1	AC1	Within AC1	2441	0.998417
N107.trim.bt2	N131.trim.bt2	AC1	AC3	AC1-AC3	2428	0.000000
N107.trim.bt2	N132.trim.bt2	AC1	AC2	AC1-AC2	2429	0.000000
N107.trim.bt2	N133.trim.bt2	AC1	AC3	AC1-AC3	2418	0.000000
N107.trim.bt2	N134.trim.bt2	AC1	AC2	AC1-AC2	2415	0.000000
N107.trim.bt2	N135.trim.bt2	AC1	AC2	AC1-AC2	2407	0.000000
N107.trim.bt2	N136.trim.bt2	AC1	AC2	AC1-AC2	2400	0.000000
N107.trim.bt2	N137.trim.bt2	AC1	AC2	AC1-AC2	2421	0.000000
N107.trim.bt2	N138.trim.bt2	AC1	AC3	AC1-AC3	2409	0.000000
N107.trim.bt2	N139.trim.bt2	AC1	AC2	AC1-AC2	2423	0.000001
N107.trim.bt2	N140.trim.bt2	AC1	AC3	AC1-AC3	2413	0.000000
N107.trim.bt2	N141.trim.bt2	AC1	AC3	AC1-AC3	2387	0.000001
N107.trim.bt2	N142.trim.bt2	AC1	AC1	Within AC1	2393	0.999102
N107.trim.bt2	N143.trim.bt2	AC1	AC3	AC1-AC3	2399	0.000000
N107.trim.bt2	N99.trim.bt2	AC1	AC2	AC1-AC2	2452	0.000000
N108.trim.bt2	N109.trim.bt2	AC1	AC2	AC1-AC2	2398	0.000000
N108.trim.bt2	N110.trim.bt2	AC1	AC2	AC1-AC2	2416	0.000000
N108.trim.bt2	N111.trim.bt2	AC1	AC2	AC1-AC2	2400	0.000000
N108.trim.bt2	N112.trim.bt2	AC1	AC2	AC1-AC2	2408	0.000000
N108.trim.bt2	N113.trim.bt2	AC1	AC2	AC1-AC2	2420	0.000000
N108.trim.bt2	N114.trim.bt2	AC1	AC2	AC1-AC2	2390	0.000000
N108.trim.bt2	N115.trim.bt2	AC1	AC2	AC1-AC2	2427	0.000000
N108.trim.bt2	N116.trim.bt2	AC1	AC1	Within AC1	2395	0.999726
N108.trim.bt2	N117.trim.bt2	AC1	AC2	AC1-AC2	2427	0.000000
N108.trim.bt2	N118.trim.bt2	AC1	AC3	AC1-AC3	2405	0.000000
N108.trim.bt2	N119.trim.bt2	AC1	AC3	AC1-AC3	2395	0.000000
N108.trim.bt2	N120.trim.bt2	AC1	AC3	AC1-AC3	2417	0.000001
N108.trim.bt2	N121.trim.bt2	AC1	AC3	AC1-AC3	2416	0.000000
N108.trim.bt2	N122.trim.bt2	AC1	AC3	AC1-AC3	2425	0.000000
N108.trim.bt2	N123.trim.bt2	AC1	AC3	AC1-AC3	2408	0.000000
N108.trim.bt2	N124.trim.bt2	AC1	AC3	AC1-AC3	2421	0.000000
N108.trim.bt2	N125.trim.bt2	AC1	AC3	AC1-AC3	2425	0.000000
N108.trim.bt2	N126.trim.bt2	AC1	AC2	AC1-AC2	2415	0.000002
N108.trim.bt2	N127.trim.bt2	AC1	AC1	Within AC1	2401	1.000000
N108.trim.bt2	N128.trim.bt2	AC1	AC2	AC1-AC2	2429	0.000000
N108.trim.bt2	N129.trim.bt2	AC1	AC2	AC1-AC2	2405	0.000000
N108.trim.bt2	N130.trim.bt2	AC1	AC1	Within AC1	2431	1.000000
N108.trim.bt2	N131.trim.bt2	AC1	AC3	AC1-AC3	2418	0.000000
N108.trim.bt2	N132.trim.bt2	AC1	AC2	AC1-AC2	2422	0.000000
N108.trim.bt2	N133.trim.bt2	AC1	AC3	AC1-AC3	2409	0.000000
N108.trim.bt2	N134.trim.bt2	AC1	AC2	AC1-AC2	2405	0.000000
N108.trim.bt2	N135.trim.bt2	AC1	AC2	AC1-AC2	2398	0.000000
N108.trim.bt2	N136.trim.bt2	AC1	AC2	AC1-AC2	2395	0.000000
N108.trim.bt2	N137.trim.bt2	AC1	AC2	AC1-AC2	2414	0.000000
N108.trim.bt2	N138.trim.bt2	AC1	AC3	AC1-AC3	2402	0.000000
N108.trim.bt2	N139.trim.bt2	AC1	AC2	AC1-AC2	2417	0.000000
N108.trim.bt2	N140.trim.bt2	AC1	AC3	AC1-AC3	2405	0.000000
N108.trim.bt2	N141.trim.bt2	AC1	AC3	AC1-AC3	2379	0.000001
N108.trim.bt2	N142.trim.bt2	AC1	AC1	Within AC1	2391	1.000000
N108.trim.bt2	N143.trim.bt2	AC1	AC3	AC1-AC3	2393	0.000000
N108.trim.bt2	N99.trim.bt2	AC1	AC2	AC1-AC2	2443	0.000000
N109.trim.bt2	N110.trim.bt2	AC2	AC2	Within AC2	2413	0.998543
N109.trim.bt2	N111.trim.bt2	AC2	AC2	Within AC2	2406	0.999996
N109.trim.bt2	N112.trim.bt2	AC2	AC2	Within AC2	2410	0.999997
N109.trim.bt2	N113.trim.bt2	AC2	AC2	Within AC2	2417	0.997800
N109.trim.bt2	N114.trim.bt2	AC2	AC2	Within AC2	2389	0.999999
N109.trim.bt2	N115.trim.bt2	AC2	AC2	Within AC2	2419	0.999944
N109.trim.bt2	N116.trim.bt2	AC2	AC1	AC1-AC2	2374	0.000000
N109.trim.bt2	N117.trim.bt2	AC2	AC2	Within AC2	2424	0.999998
N109.trim.bt2	N118.trim.bt2	AC2	AC3	AC2-AC3	2398	0.000001
N109.trim.bt2	N119.trim.bt2	AC2	AC3	AC2-AC3	2385	0.000002
N109.trim.bt2	N120.trim.bt2	AC2	AC3	AC2-AC3	2407	0.000000
N109.trim.bt2	N121.trim.bt2	AC2	AC3	AC2-AC3	2407	0.000000
N109.trim.bt2	N122.trim.bt2	AC2	AC3	AC2-AC3	2415	0.000001
N109.trim.bt2	N123.trim.bt2	AC2	AC3	AC2-AC3	2399	0.000001
N109.trim.bt2	N124.trim.bt2	AC2	AC3	AC2-AC3	2413	0.000000
N109.trim.bt2	N125.trim.bt2	AC2	AC3	AC2-AC3	2413	0.000000
N109.trim.bt2	N126.trim.bt2	AC2	AC2	Within AC2	2414	0.997676
N109.trim.bt2	N127.trim.bt2	AC2	AC1	AC1-AC2	2380	0.000000
N109.trim.bt2	N128.trim.bt2	AC2	AC2	Within AC2	2421	0.999998
N109.trim.bt2	N129.trim.bt2	AC2	AC2	Within AC2	2411	0.999742
N109.trim.bt2	N130.trim.bt2	AC2	AC1	AC1-AC2	2408	0.000000
N109.trim.bt2	N131.trim.bt2	AC2	AC3	AC2-AC3	2412	0.000000
N109.trim.bt2	N132.trim.bt2	AC2	AC2	Within AC2	2417	0.998557
N109.trim.bt2	N133.trim.bt2	AC2	AC3	AC2-AC3	2403	0.000000
N109.trim.bt2	N134.trim.bt2	AC2	AC2	Within AC2	2404	0.999118
N109.trim.bt2	N135.trim.bt2	AC2	AC2	Within AC2	2402	0.999999
N109.trim.bt2	N136.trim.bt2	AC2	AC2	Within AC2	2394	0.999325
N109.trim.bt2	N137.trim.bt2	AC2	AC2	Within AC2	2410	1.000000
N109.trim.bt2	N138.trim.bt2	AC2	AC3	AC2-AC3	2393	0.000000
N109.trim.bt2	N139.trim.bt2	AC2	AC2	Within AC2	2417	0.999999
N109.trim.bt2	N140.trim.bt2	AC2	AC3	AC2-AC3	2400	0.000000
N109.trim.bt2	N141.trim.bt2	AC2	AC3	AC2-AC3	2377	0.000000
N109.trim.bt2	N142.trim.bt2	AC2	AC1	AC1-AC2	2367	0.000000
N109.trim.bt2	N143.trim.bt2	AC2	AC3	AC2-AC3	2386	0.000000
N109.trim.bt2	N99.trim.bt2	AC2	AC2	Within AC2	2434	0.999460
N110.trim.bt2	N111.trim.bt2	AC2	AC2	Within AC2	2413	0.998853
N110.trim.bt2	N112.trim.bt2	AC2	AC2	Within AC2	2426	0.998412
N110.trim.bt2	N113.trim.bt2	AC2	AC2	Within AC2	2432	0.996689
N110.trim.bt2	N114.trim.bt2	AC2	AC2	Within AC2	2405	0.998856
N110.trim.bt2	N115.trim.bt2	AC2	AC2	Within AC2	2436	0.998890
N110.trim.bt2	N116.trim.bt2	AC2	AC1	AC1-AC2	2390	0.000000
N110.trim.bt2	N117.trim.bt2	AC2	AC2	Within AC2	2441	0.998600
N110.trim.bt2	N118.trim.bt2	AC2	AC3	AC2-AC3	2416	0.000000
N110.trim.bt2	N119.trim.bt2	AC2	AC3	AC2-AC3	2405	0.000001
N110.trim.bt2	N120.trim.bt2	AC2	AC3	AC2-AC3	2424	0.000000
N110.trim.bt2	N121.trim.bt2	AC2	AC3	AC2-AC3	2428	0.000000
N110.trim.bt2	N122.trim.bt2	AC2	AC3	AC2-AC3	2433	0.000000
N110.trim.bt2	N123.trim.bt2	AC2	AC3	AC2-AC3	2415	0.000000
N110.trim.bt2	N124.trim.bt2	AC2	AC3	AC2-AC3	2429	0.000000
N110.trim.bt2	N125.trim.bt2	AC2	AC3	AC2-AC3	2431	0.000000
N110.trim.bt2	N126.trim.bt2	AC2	AC2	Within AC2	2431	0.998843
N110.trim.bt2	N127.trim.bt2	AC2	AC1	AC1-AC2	2396	0.000000
N110.trim.bt2	N128.trim.bt2	AC2	AC2	Within AC2	2444	0.998176
N110.trim.bt2	N129.trim.bt2	AC2	AC2	Within AC2	2424	0.996582
N110.trim.bt2	N130.trim.bt2	AC2	AC1	AC1-AC2	2430	0.000000
N110.trim.bt2	N131.trim.bt2	AC2	AC3	AC2-AC3	2426	0.000000
N110.trim.bt2	N132.trim.bt2	AC2	AC2	Within AC2	2434	0.997991
N110.trim.bt2	N133.trim.bt2	AC2	AC3	AC2-AC3	2416	0.000000
N110.trim.bt2	N134.trim.bt2	AC2	AC2	Within AC2	2424	0.996553
N110.trim.bt2	N135.trim.bt2	AC2	AC2	Within AC2	2412	0.999886
N110.trim.bt2	N136.trim.bt2	AC2	AC2	Within AC2	2409	0.998657
N110.trim.bt2	N137.trim.bt2	AC2	AC2	Within AC2	2430	0.998869
N110.trim.bt2	N138.trim.bt2	AC2	AC3	AC2-AC3	2409	0.000001
N110.trim.bt2	N139.trim.bt2	AC2	AC2	Within AC2	2431	0.998218
N110.trim.bt2	N140.trim.bt2	AC2	AC3	AC2-AC3	2416	0.000000
N110.trim.bt2	N141.trim.bt2	AC2	AC3	AC2-AC3	2389	0.000000
N110.trim.bt2	N142.trim.bt2	AC2	AC1	AC1-AC2	2386	0.000000
N110.trim.bt2	N143.trim.bt2	AC2	AC3	AC2-AC3	2402	0.000001
N110.trim.bt2	N99.trim.bt2	AC2	AC2	Within AC2	2454	0.999308
N111.trim.bt2	N112.trim.bt2	AC2	AC2	Within AC2	2416	1.000000
N111.trim.bt2	N113.trim.bt2	AC2	AC2	Within AC2	2425	0.999998
N111.trim.bt2	N114.trim.bt2	AC2	AC2	Within AC2	2398	0.999999
N111.trim.bt2	N115.trim.bt2	AC2	AC2	Within AC2	2427	0.999999
N111.trim.bt2	N116.trim.bt2	AC2	AC1	AC1-AC2	2375	0.000003
N111.trim.bt2	N117.trim.bt2	AC2	AC2	Within AC2	2428	0.999999
N111.trim.bt2	N118.trim.bt2	AC2	AC3	AC2-AC3	2405	0.000000
N111.trim.bt2	N119.trim.bt2	AC2	AC3	AC2-AC3	2396	0.000001
N111.trim.bt2	N120.trim.bt2	AC2	AC3	AC2-AC3	2410	0.000000
N111.trim.bt2	N121.trim.bt2	AC2	AC3	AC2-AC3	2416	0.000000
N111.trim.bt2	N122.trim.bt2	AC2	AC3	AC2-AC3	2420	0.000000
N111.trim.bt2	N123.trim.bt2	AC2	AC3	AC2-AC3	2409	0.000000
N111.trim.bt2	N124.trim.bt2	AC2	AC3	AC2-AC3	2420	0.000000
N111.trim.bt2	N125.trim.bt2	AC2	AC3	AC2-AC3	2422	0.000000
N111.trim.bt2	N126.trim.bt2	AC2	AC2	Within AC2	2420	1.000000
N111.trim.bt2	N127.trim.bt2	AC2	AC1	AC1-AC2	2388	0.000000
N111.trim.bt2	N128.trim.bt2	AC2	AC2	Within AC2	2430	0.999632
N111.trim.bt2	N129.trim.bt2	AC2	AC2	Within AC2	2411	0.999968
N111.trim.bt2	N130.trim.bt2	AC2	AC1	AC1-AC2	2412	0.000000
N111.trim.bt2	N131.trim.bt2	AC2	AC3	AC2-AC3	2418	0.000001
N111.trim.bt2	N132.trim.bt2	AC2	AC2	Within AC2	2417	0.999992
N111.trim.bt2	N133.trim.bt2	AC2	AC3	AC2-AC3	2409	0.000000
N111.trim.bt2	N134.trim.bt2	AC2	AC2	Within AC2	2411	0.999479
N111.trim.bt2	N135.trim.bt2	AC2	AC2	Within AC2	2400	0.999978
N111.trim.bt2	N136.trim.bt2	AC2	AC2	Within AC2	2401	0.999954
N111.trim.bt2	N137.trim.bt2	AC2	AC2	Within AC2	2420	0.999999
N111.trim.bt2	N138.trim.bt2	AC2	AC3	AC2-AC3	2403	0.000000
N111.trim.bt2	N139.trim.bt2	AC2	AC2	Within AC2	2421	0.998751
N111.trim.bt2	N140.trim.bt2	AC2	AC3	AC2-AC3	2403	0.000000
N111.trim.bt2	N141.trim.bt2	AC2	AC3	AC2-AC3	2382	0.000000
N111.trim.bt2	N142.trim.bt2	AC2	AC1	AC1-AC2	2372	0.000000
N111.trim.bt2	N143.trim.bt2	AC2	AC3	AC2-AC3	2395	0.000001
N111.trim.bt2	N99.trim.bt2	AC2	AC2	Within AC2	2442	0.999992
N112.trim.bt2	N113.trim.bt2	AC2	AC2	Within AC2	2432	0.998202
N112.trim.bt2	N114.trim.bt2	AC2	AC2	Within AC2	2401	1.000000
N112.trim.bt2	N115.trim.bt2	AC2	AC2	Within AC2	2435	0.999999
N112.trim.bt2	N116.trim.bt2	AC2	AC1	AC1-AC2	2383	0.000000
N112.trim.bt2	N117.trim.bt2	AC2	AC2	Within AC2	2443	0.999999
N112.trim.bt2	N118.trim.bt2	AC2	AC3	AC2-AC3	2418	0.000000
N112.trim.bt2	N119.trim.bt2	AC2	AC3	AC2-AC3	2408	0.000001
N112.trim.bt2	N120.trim.bt2	AC2	AC3	AC2-AC3	2423	0.000000
N112.trim.bt2	N121.trim.bt2	AC2	AC3	AC2-AC3	2427	0.000000
N112.trim.bt2	N122.trim.bt2	AC2	AC3	AC2-AC3	2432	0.000000
N112.trim.bt2	N123.trim.bt2	AC2	AC3	AC2-AC3	2418	0.000000
N112.trim.bt2	N124.trim.bt2	AC2	AC3	AC2-AC3	2428	0.000000
N112.trim.bt2	N125.trim.bt2	AC2	AC3	AC2-AC3	2434	0.000000
N112.trim.bt2	N126.trim.bt2	AC2	AC2	Within AC2	2430	1.000000
N112.trim.bt2	N127.trim.bt2	AC2	AC1	AC1-AC2	2400	0.000000
N112.trim.bt2	N128.trim.bt2	AC2	AC2	Within AC2	2444	0.999999
N112.trim.bt2	N129.trim.bt2	AC2	AC2	Within AC2	2427	0.999986
N112.trim.bt2	N130.trim.bt2	AC2	AC1	AC1-AC2	2423	0.000000
N112.trim.bt2	N131.trim.bt2	AC2	AC3	AC2-AC3	2430	0.000000
N112.trim.bt2	N132.trim.bt2	AC2	AC2	Within AC2	2434	0.999954
N112.trim.bt2	N133.trim.bt2	AC2	AC3	AC2-AC3	2422	0.000000
N112.trim.bt2	N134.trim.bt2	AC2	AC2	Within AC2	2421	0.999087
N112.trim.bt2	N135.trim.bt2	AC2	AC2	Within AC2	2408	1.000000
N112.trim.bt2	N136.trim.bt2	AC2	AC2	Within AC2	2411	0.999999
N112.trim.bt2	N137.trim.bt2	AC2	AC2	Within AC2	2431	1.000000
N112.trim.bt2	N138.trim.bt2	AC2	AC3	AC2-AC3	2408	0.000000
N112.trim.bt2	N139.trim.bt2	AC2	AC2	Within AC2	2429	0.999995
N112.trim.bt2	N140.trim.bt2	AC2	AC3	AC2-AC3	2415	0.000000
N112.trim.bt2	N141.trim.bt2	AC2	AC3	AC2-AC3	2389	0.000000
N112.trim.bt2	N142.trim.bt2	AC2	AC1	AC1-AC2	2383	0.000000
N112.trim.bt2	N143.trim.bt2	AC2	AC3	AC2-AC3	2403	0.000000
N112.trim.bt2	N99.trim.bt2	AC2	AC2	Within AC2	2454	1.000000
N113.trim.bt2	N114.trim.bt2	AC2	AC2	Within AC2	2410	0.998215
N113.trim.bt2	N115.trim.bt2	AC2	AC2	Within AC2	2446	0.998036
N113.trim.bt2	N116.trim.bt2	AC2	AC1	AC1-AC2	2395	0.000000
N113.trim.bt2	N117.trim.bt2	AC2	AC2	Within AC2	2450	0.998262
N113.trim.bt2	N118.trim.bt2	AC2	AC3	AC2-AC3	2431	0.000000
N113.trim.bt2	N119.trim.bt2	AC2	AC3	AC2-AC3	2412	0.000000
N113.trim.bt2	N120.trim.bt2	AC2	AC3	AC2-AC3	2433	0.000000
N113.trim.bt2	N121.trim.bt2	AC2	AC3	AC2-AC3	2438	0.000000
N113.trim.bt2	N122.trim.bt2	AC2	AC3	AC2-AC3	2443	0.000002
N113.trim.bt2	N123.trim.bt2	AC2	AC3	AC2-AC3	2426	0.000000
N113.trim.bt2	N124.trim.bt2	AC2	AC3	AC2-AC3	2439	0.000001
N113.trim.bt2	N125.trim.bt2	AC2	AC3	AC2-AC3	2442	0.000000
N113.trim.bt2	N126.trim.bt2	AC2	AC2	Within AC2	2438	0.998166
N113.trim.bt2	N127.trim.bt2	AC2	AC1	AC1-AC2	2404	0.000000
N113.trim.bt2	N128.trim.bt2	AC2	AC2	Within AC2	2451	0.997943
N113.trim.bt2	N129.trim.bt2	AC2	AC2	Within AC2	2430	0.999997
N113.trim.bt2	N130.trim.bt2	AC2	AC1	AC1-AC2	2434	0.000000
N113.trim.bt2	N131.trim.bt2	AC2	AC3	AC2-AC3	2437	0.000000
N113.trim.bt2	N132.trim.bt2	AC2	AC2	Within AC2	2441	0.996921
N113.trim.bt2	N133.trim.bt2	AC2	AC3	AC2-AC3	2432	0.000000
N113.trim.bt2	N134.trim.bt2	AC2	AC2	Within AC2	2427	0.996856
N113.trim.bt2	N135.trim.bt2	AC2	AC2	Within AC2	2420	0.998392
N113.trim.bt2	N136.trim.bt2	AC2	AC2	Within AC2	2418	0.996589
N113.trim.bt2	N137.trim.bt2	AC2	AC2	Within AC2	2437	0.996838
N113.trim.bt2	N138.trim.bt2	AC2	AC3	AC2-AC3	2416	0.000000
N113.trim.bt2	N139.trim.bt2	AC2	AC2	Within AC2	2437	0.996874
N113.trim.bt2	N140.trim.bt2	AC2	AC3	AC2-AC3	2427	0.000000
N113.trim.bt2	N141.trim.bt2	AC2	AC3	AC2-AC3	2394	0.000001
N113.trim.bt2	N142.trim.bt2	AC2	AC1	AC1-AC2	2389	0.000000
N113.trim.bt2	N143.trim.bt2	AC2	AC3	AC2-AC3	2412	0.000000
N113.trim.bt2	N99.trim.bt2	AC2	AC2	Within AC2	2466	0.995684
N114.trim.bt2	N115.trim.bt2	AC2	AC2	Within AC2	2419	0.999999
N114.trim.bt2	N116.trim.bt2	AC2	AC1	AC1-AC2	2374	0.000000
N114.trim.bt2	N117.trim.bt2	AC2	AC2	Within AC2	2418	1.000000
N114.trim.bt2	N118.trim.bt2	AC2	AC3	AC2-AC3	2398	0.000001
N114.trim.bt2	N119.trim.bt2	AC2	AC3	AC2-AC3	2387	0.000000
N114.trim.bt2	N120.trim.bt2	AC2	AC3	AC2-AC3	2403	0.000000
N114.trim.bt2	N121.trim.bt2	AC2	AC3	AC2-AC3	2405	0.000000
N114.trim.bt2	N122.trim.bt2	AC2	AC3	AC2-AC3	2407	0.000000
N114.trim.bt2	N123.trim.bt2	AC2	AC3	AC2-AC3	2393	0.000001
N114.trim.bt2	N124.trim.bt2	AC2	AC3	AC2-AC3	2408	0.000000
N114.trim.bt2	N125.trim.bt2	AC2	AC3	AC2-AC3	2406	0.000000
N114.trim.bt2	N126.trim.bt2	AC2	AC2	Within AC2	2409	0.999997
N114.trim.bt2	N127.trim.bt2	AC2	AC1	AC1-AC2	2371	0.000000
N114.trim.bt2	N128.trim.bt2	AC2	AC2	Within AC2	2418	1.000000
N114.trim.bt2	N129.trim.bt2	AC2	AC2	Within AC2	2401	0.999946
N114.trim.bt2	N130.trim.bt2	AC2	AC1	AC1-AC2	2402	0.000000
N114.trim.bt2	N131.trim.bt2	AC2	AC3	AC2-AC3	2405	0.000000
N114.trim.bt2	N132.trim.bt2	AC2	AC2	Within AC2	2411	0.999994
N114.trim.bt2	N133.trim.bt2	AC2	AC3	AC2-AC3	2396	0.000000
N114.trim.bt2	N134.trim.bt2	AC2	AC2	Within AC2	2406	0.998939
N114.trim.bt2	N135.trim.bt2	AC2	AC2	Within AC2	2393	0.999289
N114.trim.bt2	N136.trim.bt2	AC2	AC2	Within AC2	2390	0.999999
N114.trim.bt2	N137.trim.bt2	AC2	AC2	Within AC2	2407	0.999998
N114.trim.bt2	N138.trim.bt2	AC2	AC3	AC2-AC3	2385	0.000003
N114.trim.bt2	N139.trim.bt2	AC2	AC2	Within AC2	2410	0.999999
N114.trim.bt2	N140.trim.bt2	AC2	AC3	AC2-AC3	2390	0.000000
N114.trim.bt2	N141.trim.bt2	AC2	AC3	AC2-AC3	2372	0.000000
N114.trim.bt2	N142.trim.bt2	AC2	AC1	AC1-AC2	2362	0.000000
N114.trim.bt2	N143.trim.bt2	AC2	AC3	AC2-AC3	2379	0.000000
N114.trim.bt2	N99.trim.bt2	AC2	AC2	Within AC2	2428	1.000000
N115.trim.bt2	N116.trim.bt2	AC2	AC1	AC1-AC2	2405	0.000000
N115.trim.bt2	N117.trim.bt2	AC2	AC2	Within AC2	2451	1.000000
N115.trim.bt2	N118.trim.bt2	AC2	AC3	AC2-AC3	2433	0.000000
N115.trim.bt2	N119.trim.bt2	AC2	AC3	AC2-AC3	2422	0.000000
N115.trim.bt2	N120.trim.bt2	AC2	AC3	AC2-AC3	2441	0.000000
N115.trim.bt2	N121.trim.bt2	AC2	AC3	AC2-AC3	2443	0.000000
N115.trim.bt2	N122.trim.bt2	AC2	AC3	AC2-AC3	2450	0.000000
N115.trim.bt2	N123.trim.bt2	AC2	AC3	AC2-AC3	2430	0.000001
N115.trim.bt2	N124.trim.bt2	AC2	AC3	AC2-AC3	2445	0.000000
N115.trim.bt2	N125.trim.bt2	AC2	AC3	AC2-AC3	2446	0.000000
N115.trim.bt2	N126.trim.bt2	AC2	AC2	Within AC2	2444	1.000000
N115.trim.bt2	N127.trim.bt2	AC2	AC1	AC1-AC2	2411	0.000000
N115.trim.bt2	N128.trim.bt2	AC2	AC2	Within AC2	2456	1.000000
N115.trim.bt2	N129.trim.bt2	AC2	AC2	Within AC2	2435	0.999962
N115.trim.bt2	N130.trim.bt2	AC2	AC1	AC1-AC2	2441	0.000000
N115.trim.bt2	N131.trim.bt2	AC2	AC3	AC2-AC3	2446	0.000001
N115.trim.bt2	N132.trim.bt2	AC2	AC2	Within AC2	2446	0.998765
N115.trim.bt2	N133.trim.bt2	AC2	AC3	AC2-AC3	2432	0.000000
N115.trim.bt2	N134.trim.bt2	AC2	AC2	Within AC2	2432	0.999999
N115.trim.bt2	N135.trim.bt2	AC2	AC2	Within AC2	2424	0.999135
N115.trim.bt2	N136.trim.bt2	AC2	AC2	Within AC2	2419	0.999959
N115.trim.bt2	N137.trim.bt2	AC2	AC2	Within AC2	2441	0.999999
N115.trim.bt2	N138.trim.bt2	AC2	AC3	AC2-AC3	2424	0.000000
N115.trim.bt2	N139.trim.bt2	AC2	AC2	Within AC2	2444	0.998816
N115.trim.bt2	N140.trim.bt2	AC2	AC3	AC2-AC3	2433	0.000000
N115.trim.bt2	N141.trim.bt2	AC2	AC3	AC2-AC3	2402	0.000000
N115.trim.bt2	N142.trim.bt2	AC2	AC1	AC1-AC2	2395	0.000000
N115.trim.bt2	N143.trim.bt2	AC2	AC3	AC2-AC3	2420	0.000000
N115.trim.bt2	N99.trim.bt2	AC2	AC2	Within AC2	2470	1.000000
N116.trim.bt2	N117.trim.bt2	AC1	AC2	AC1-AC2	2398	0.000000
N116.trim.bt2	N118.trim.bt2	AC1	AC3	AC1-AC3	2382	0.000000
N116.trim.bt2	N119.trim.bt2	AC1	AC3	AC1-AC3	2373	0.000000
N116.trim.bt2	N120.trim.bt2	AC1	AC3	AC1-AC3	2388	0.000001
N116.trim.bt2	N121.trim.bt2	AC1	AC3	AC1-AC3	2395	0.000001
N116.trim.bt2	N122.trim.bt2	AC1	AC3	AC1-AC3	2398	0.000000
N116.trim.bt2	N123.trim.bt2	AC1	AC3	AC1-AC3	2385	0.000000
N116.trim.bt2	N124.trim.bt2	AC1	AC3	AC1-AC3	2394	0.000001
N116.trim.bt2	N125.trim.bt2	AC1	AC3	AC1-AC3	2402	0.000000
N116.trim.bt2	N126.trim.bt2	AC1	AC2	AC1-AC2	2388	0.000000
N116.trim.bt2	N127.trim.bt2	AC1	AC1	Within AC1	2380	0.999256
N116.trim.bt2	N128.trim.bt2	AC1	AC2	AC1-AC2	2402	0.000000
N116.trim.bt2	N129.trim.bt2	AC1	AC2	AC1-AC2	2383	0.000000
N116.trim.bt2	N130.trim.bt2	AC1	AC1	Within AC1	2410	0.998208
N116.trim.bt2	N131.trim.bt2	AC1	AC3	AC1-AC3	2397	0.000001
N116.trim.bt2	N132.trim.bt2	AC1	AC2	AC1-AC2	2396	0.000002
N116.trim.bt2	N133.trim.bt2	AC1	AC3	AC1-AC3	2387	0.000000
N116.trim.bt2	N134.trim.bt2	AC1	AC2	AC1-AC2	2381	0.000000
N116.trim.bt2	N135.trim.bt2	AC1	AC2	AC1-AC2	2374	0.000000
N116.trim.bt2	N136.trim.bt2	AC1	AC2	AC1-AC2	2369	0.000001
N116.trim.bt2	N137.trim.bt2	AC1	AC2	AC1-AC2	2386	0.000000
N116.trim.bt2	N138.trim.bt2	AC1	AC3	AC1-AC3	2379	0.000000
N116.trim.bt2	N139.trim.bt2	AC1	AC2	AC1-AC2	2392	0.000000
N116.trim.bt2	N140.trim.bt2	AC1	AC3	AC1-AC3	2380	0.000000
N116.trim.bt2	N141.trim.bt2	AC1	AC3	AC1-AC3	2354	0.000000
N116.trim.bt2	N142.trim.bt2	AC1	AC1	Within AC1	2369	0.999542
N116.trim.bt2	N143.trim.bt2	AC1	AC3	AC1-AC3	2369	0.000000
N116.trim.bt2	N99.trim.bt2	AC1	AC2	AC1-AC2	2416	0.000000
N117.trim.bt2	N118.trim.bt2	AC2	AC3	AC2-AC3	2433	0.000000
N117.trim.bt2	N119.trim.bt2	AC2	AC3	AC2-AC3	2420	0.000000
N117.trim.bt2	N120.trim.bt2	AC2	AC3	AC2-AC3	2437	0.000000
N117.trim.bt2	N121.trim.bt2	AC2	AC3	AC2-AC3	2442	0.000001
N117.trim.bt2	N122.trim.bt2	AC2	AC3	AC2-AC3	2450	0.000000
N117.trim.bt2	N123.trim.bt2	AC2	AC3	AC2-AC3	2434	0.000000
N117.trim.bt2	N124.trim.bt2	AC2	AC3	AC2-AC3	2444	0.000002
N117.trim.bt2	N125.trim.bt2	AC2	AC3	AC2-AC3	2447	0.000000
N117.trim.bt2	N126.trim.bt2	AC2	AC2	Within AC2	2447	0.999999
N117.trim.bt2	N127.trim.bt2	AC2	AC1	AC1-AC2	2409	0.000000
N117.trim.bt2	N128.trim.bt2	AC2	AC2	Within AC2	2453	1.000000
N117.trim.bt2	N129.trim.bt2	AC2	AC2	Within AC2	2440	0.999990
N117.trim.bt2	N130.trim.bt2	AC2	AC1	AC1-AC2	2440	0.000000
N117.trim.bt2	N131.trim.bt2	AC2	AC3	AC2-AC3	2442	0.000000
N117.trim.bt2	N132.trim.bt2	AC2	AC2	Within AC2	2447	0.999964
N117.trim.bt2	N133.trim.bt2	AC2	AC3	AC2-AC3	2436	0.000000
N117.trim.bt2	N134.trim.bt2	AC2	AC2	Within AC2	2435	0.999013
N117.trim.bt2	N135.trim.bt2	AC2	AC2	Within AC2	2424	1.000000
N117.trim.bt2	N136.trim.bt2	AC2	AC2	Within AC2	2425	1.000000
N117.trim.bt2	N137.trim.bt2	AC2	AC2	Within AC2	2441	1.000000
N117.trim.bt2	N138.trim.bt2	AC2	AC3	AC2-AC3	2422	0.000000
N117.trim.bt2	N139.trim.bt2	AC2	AC2	Within AC2	2444	0.999995
N117.trim.bt2	N140.trim.bt2	AC2	AC3	AC2-AC3	2432	0.000000
N117.trim.bt2	N141.trim.bt2	AC2	AC3	AC2-AC3	2405	0.000000
N117.trim.bt2	N142.trim.bt2	AC2	AC1	AC1-AC2	2396	0.000000
N117.trim.bt2	N143.trim.bt2	AC2	AC3	AC2-AC3	2417	0.000000
N117.trim.bt2	N99.trim.bt2	AC2	AC2	Within AC2	2471	0.998679
N118.trim.bt2	N119.trim.bt2	AC3	AC3	Within AC3	2414	1.000000
N118.trim.bt2	N120.trim.bt2	AC3	AC3	Within AC3	2433	1.000000
N118.trim.bt2	N121.trim.bt2	AC3	AC3	Within AC3	2434	0.999259
N118.trim.bt2	N122.trim.bt2	AC3	AC3	Within AC3	2438	0.999302
N118.trim.bt2	N123.trim.bt2	AC3	AC3	Within AC3	2428	0.999685
N118.trim.bt2	N124.trim.bt2	AC3	AC3	Within AC3	2437	0.999285
N118.trim.bt2	N125.trim.bt2	AC3	AC3	Within AC3	2435	0.998562
N118.trim.bt2	N126.trim.bt2	AC3	AC2	AC2-AC3	2421	0.000001
N118.trim.bt2	N127.trim.bt2	AC3	AC1	AC1-AC3	2396	0.000000
N118.trim.bt2	N128.trim.bt2	AC3	AC2	AC2-AC3	2436	0.000000
N118.trim.bt2	N129.trim.bt2	AC3	AC2	AC2-AC3	2416	0.000000
N118.trim.bt2	N130.trim.bt2	AC3	AC1	AC1-AC3	2420	0.000000
N118.trim.bt2	N131.trim.bt2	AC3	AC3	Within AC3	2435	1.000000
N118.trim.bt2	N132.trim.bt2	AC3	AC2	AC2-AC3	2432	0.000000
N118.trim.bt2	N133.trim.bt2	AC3	AC3	Within AC3	2426	0.999364
N118.trim.bt2	N134.trim.bt2	AC3	AC2	AC2-AC3	2413	0.000000
N118.trim.bt2	N135.trim.bt2	AC3	AC2	AC2-AC3	2407	0.000001
N118.trim.bt2	N136.trim.bt2	AC3	AC2	AC2-AC3	2397	0.000000
N118.trim.bt2	N137.trim.bt2	AC3	AC2	AC2-AC3	2422	0.000000
N118.trim.bt2	N138.trim.bt2	AC3	AC3	Within AC3	2415	0.999067
N118.trim.bt2	N139.trim.bt2	AC3	AC2	AC2-AC3	2422	0.000001
N118.trim.bt2	N140.trim.bt2	AC3	AC3	Within AC3	2420	1.000000
N118.trim.bt2	N141.trim.bt2	AC3	AC3	Within AC3	2398	0.999563
N118.trim.bt2	N142.trim.bt2	AC3	AC1	AC1-AC3	2377	0.000000
N118.trim.bt2	N143.trim.bt2	AC3	AC3	Within AC3	2412	0.999891
N118.trim.bt2	N99.trim.bt2	AC3	AC2	AC2-AC3	2451	0.000000
N119.trim.bt2	N120.trim.bt2	AC3	AC3	Within AC3	2418	0.999999
N119.trim.bt2	N121.trim.bt2	AC3	AC3	Within AC3	2421	1.000000
N119.trim.bt2	N122.trim.bt2	AC3	AC3	Within AC3	2428	0.999997
N119.trim.bt2	N123.trim.bt2	AC3	AC3	Within AC3	2408	0.999998
N119.trim.bt2	N124.trim.bt2	AC3	AC3	Within AC3	2420	1.000000
N119.trim.bt2	N125.trim.bt2	AC3	AC3	Within AC3	2423	1.000000
N119.trim.bt2	N126.trim.bt2	AC3	AC2	AC2-AC3	2413	0.000000
N119.trim.bt2	N127.trim.bt2	AC3	AC1	AC1-AC3	2382	0.000001
N119.trim.bt2	N128.trim.bt2	AC3	AC2	AC2-AC3	2420	0.000000
N119.trim.bt2	N129.trim.bt2	AC3	AC2	AC2-AC3	2405	0.000000
N119.trim.bt2	N130.trim.bt2	AC3	AC1	AC1-AC3	2409	0.000000
N119.trim.bt2	N131.trim.bt2	AC3	AC3	Within AC3	2425	0.999236
N119.trim.bt2	N132.trim.bt2	AC3	AC2	AC2-AC3	2418	0.000000
N119.trim.bt2	N133.trim.bt2	AC3	AC3	Within AC3	2411	0.999517
N119.trim.bt2	N134.trim.bt2	AC3	AC2	AC2-AC3	2402	0.000000
N119.trim.bt2	N135.trim.bt2	AC3	AC2	AC2-AC3	2388	0.000000
N119.trim.bt2	N136.trim.bt2	AC3	AC2	AC2-AC3	2390	0.000001
N119.trim.bt2	N137.trim.bt2	AC3	AC2	AC2-AC3	2411	0.000000
N119.trim.bt2	N138.trim.bt2	AC3	AC3	Within AC3	2402	0.999289
N119.trim.bt2	N139.trim.bt2	AC3	AC2	AC2-AC3	2411	0.000000
N119.trim.bt2	N140.trim.bt2	AC3	AC3	Within AC3	2411	1.000000
N119.trim.bt2	N141.trim.bt2	AC3	AC3	Within AC3	2390	0.999709
N119.trim.bt2	N142.trim.bt2	AC3	AC1	AC1-AC3	2368	0.000000
N119.trim.bt2	N143.trim.bt2	AC3	AC3	Within AC3	2396	0.999980
N119.trim.bt2	N99.trim.bt2	AC3	AC2	AC2-AC3	2436	0.000000
N120.trim.bt2	N121.trim.bt2	AC3	AC3	Within AC3	2437	0.999627
N120.trim.bt2	N122.trim.bt2	AC3	AC3	Within AC3	2442	0.999333
N120.trim.bt2	N123.trim.bt2	AC3	AC3	Within AC3	2426	0.999648
N120.trim.bt2	N124.trim.bt2	AC3	AC3	Within AC3	2442	0.999462
N120.trim.bt2	N125.trim.bt2	AC3	AC3	Within AC3	2444	0.999402
N120.trim.bt2	N126.trim.bt2	AC3	AC2	AC2-AC3	2429	0.000000
N120.trim.bt2	N127.trim.bt2	AC3	AC1	AC1-AC3	2404	0.000000
N120.trim.bt2	N128.trim.bt2	AC3	AC2	AC2-AC3	2440	0.000002
N120.trim.bt2	N129.trim.bt2	AC3	AC2	AC2-AC3	2423	0.000000
N120.trim.bt2	N130.trim.bt2	AC3	AC1	AC1-AC3	2427	0.000000
N120.trim.bt2	N131.trim.bt2	AC3	AC3	Within AC3	2439	1.000000
N120.trim.bt2	N132.trim.bt2	AC3	AC2	AC2-AC3	2435	0.000001
N120.trim.bt2	N133.trim.bt2	AC3	AC3	Within AC3	2427	0.999406
N120.trim.bt2	N134.trim.bt2	AC3	AC2	AC2-AC3	2419	0.000001
N120.trim.bt2	N135.trim.bt2	AC3	AC2	AC2-AC3	2408	0.000000
N120.trim.bt2	N136.trim.bt2	AC3	AC2	AC2-AC3	2404	0.000000
N120.trim.bt2	N137.trim.bt2	AC3	AC2	AC2-AC3	2427	0.000000
N120.trim.bt2	N138.trim.bt2	AC3	AC3	Within AC3	2422	0.998802
N120.trim.bt2	N139.trim.bt2	AC3	AC2	AC2-AC3	2426	0.000000
N120.trim.bt2	N140.trim.bt2	AC3	AC3	Within AC3	2427	1.000000
N120.trim.bt2	N141.trim.bt2	AC3	AC3	Within AC3	2397	0.999654
N120.trim.bt2	N142.trim.bt2	AC3	AC1	AC1-AC3	2382	0.000000
N120.trim.bt2	N143.trim.bt2	AC3	AC3	Within AC3	2414	0.999825
N120.trim.bt2	N99.trim.bt2	AC3	AC2	AC2-AC3	2458	0.000000
N121.trim.bt2	N122.trim.bt2	AC3	AC3	Within AC3	2451	0.999894
N121.trim.bt2	N123.trim.bt2	AC3	AC3	Within AC3	2431	1.000000
N121.trim.bt2	N124.trim.bt2	AC3	AC3	Within AC3	2443	1.000000
N121.trim.bt2	N125.trim.bt2	AC3	AC3	Within AC3	2444	1.000000
N121.trim.bt2	N126.trim.bt2	AC3	AC2	AC2-AC3	2430	0.000000
N121.trim.bt2	N127.trim.bt2	AC3	AC1	AC1-AC3	2403	0.000001
N121.trim.bt2	N128.trim.bt2	AC3	AC2	AC2-AC3	2446	0.000000
N121.trim.bt2	N129.trim.bt2	AC3	AC2	AC2-AC3	2427	0.000000
N121.trim.bt2	N130.trim.bt2	AC3	AC1	AC1-AC3	2434	0.000000
N121.trim.bt2	N131.trim.bt2	AC3	AC3	Within AC3	2442	0.999552
N121.trim.bt2	N132.trim.bt2	AC3	AC2	AC2-AC3	2435	0.000000
N121.trim.bt2	N133.trim.bt2	AC3	AC3	Within AC3	2440	0.999137
N121.trim.bt2	N134.trim.bt2	AC3	AC2	AC2-AC3	2426	0.000000
N121.trim.bt2	N135.trim.bt2	AC3	AC2	AC2-AC3	2412	0.000000
N121.trim.bt2	N136.trim.bt2	AC3	AC2	AC2-AC3	2406	0.000000
N121.trim.bt2	N137.trim.bt2	AC3	AC2	AC2-AC3	2432	0.000000
N121.trim.bt2	N138.trim.bt2	AC3	AC3	Within AC3	2423	0.999805
N121.trim.bt2	N139.trim.bt2	AC3	AC2	AC2-AC3	2432	0.000000
N121.trim.bt2	N140.trim.bt2	AC3	AC3	Within AC3	2432	1.000000
N121.trim.bt2	N141.trim.bt2	AC3	AC3	Within AC3	2404	0.999587
N121.trim.bt2	N142.trim.bt2	AC3	AC1	AC1-AC3	2391	0.000000
N121.trim.bt2	N143.trim.bt2	AC3	AC3	Within AC3	2421	1.000000
N121.trim.bt2	N99.trim.bt2	AC3	AC2	AC2-AC3	2463	0.000000
N122.trim.bt2	N123.trim.bt2	AC3	AC3	Within AC3	2435	0.999881
N122.trim.bt2	N124.trim.bt2	AC3	AC3	Within AC3	2450	0.999677
N122.trim.bt2	N125.trim.bt2	AC3	AC3	Within AC3	2453	0.999352
N122.trim.bt2	N126.trim.bt2	AC3	AC2	AC2-AC3	2439	0.000000
N122.trim.bt2	N127.trim.bt2	AC3	AC1	AC1-AC3	2407	0.000000
N122.trim.bt2	N128.trim.bt2	AC3	AC2	AC2-AC3	2452	0.000000
N122.trim.bt2	N129.trim.bt2	AC3	AC2	AC2-AC3	2432	0.000001
N122.trim.bt2	N130.trim.bt2	AC3	AC1	AC1-AC3	2441	0.000000
N122.trim.bt2	N131.trim.bt2	AC3	AC3	Within AC3	2450	0.999367
N122.trim.bt2	N132.trim.bt2	AC3	AC2	AC2-AC3	2443	0.000000
N122.trim.bt2	N133.trim.bt2	AC3	AC3	Within AC3	2440	1.000000
N122.trim.bt2	N134.trim.bt2	AC3	AC2	AC2-AC3	2432	0.000001
N122.trim.bt2	N135.trim.bt2	AC3	AC2	AC2-AC3	2416	0.000000
N122.trim.bt2	N136.trim.bt2	AC3	AC2	AC2-AC3	2413	0.000000
N122.trim.bt2	N137.trim.bt2	AC3	AC2	AC2-AC3	2439	0.000001
N122.trim.bt2	N138.trim.bt2	AC3	AC3	Within AC3	2426	0.999891
N122.trim.bt2	N139.trim.bt2	AC3	AC2	AC2-AC3	2436	0.000000
N122.trim.bt2	N140.trim.bt2	AC3	AC3	Within AC3	2434	0.999968
N122.trim.bt2	N141.trim.bt2	AC3	AC3	Within AC3	2410	0.999553
N122.trim.bt2	N142.trim.bt2	AC3	AC1	AC1-AC3	2395	0.000000
N122.trim.bt2	N143.trim.bt2	AC3	AC3	Within AC3	2427	0.998090
N122.trim.bt2	N99.trim.bt2	AC3	AC2	AC2-AC3	2469	0.000000
N123.trim.bt2	N124.trim.bt2	AC3	AC3	Within AC3	2433	1.000000
N123.trim.bt2	N125.trim.bt2	AC3	AC3	Within AC3	2437	1.000000
N123.trim.bt2	N126.trim.bt2	AC3	AC2	AC2-AC3	2421	0.000000
N123.trim.bt2	N127.trim.bt2	AC3	AC1	AC1-AC3	2395	0.000000
N123.trim.bt2	N128.trim.bt2	AC3	AC2	AC2-AC3	2434	0.000000
N123.trim.bt2	N129.trim.bt2	AC3	AC2	AC2-AC3	2413	0.000000
N123.trim.bt2	N130.trim.bt2	AC3	AC1	AC1-AC3	2421	0.000000
N123.trim.bt2	N131.trim.bt2	AC3	AC3	Within AC3	2431	0.999632
N123.trim.bt2	N132.trim.bt2	AC3	AC2	AC2-AC3	2426	0.000000
N123.trim.bt2	N133.trim.bt2	AC3	AC3	Within AC3	2425	0.998906
N123.trim.bt2	N134.trim.bt2	AC3	AC2	AC2-AC3	2412	0.000000
N123.trim.bt2	N135.trim.bt2	AC3	AC2	AC2-AC3	2405	0.000000
N123.trim.bt2	N136.trim.bt2	AC3	AC2	AC2-AC3	2398	0.000000
N123.trim.bt2	N137.trim.bt2	AC3	AC2	AC2-AC3	2419	0.000000
N123.trim.bt2	N138.trim.bt2	AC3	AC3	Within AC3	2414	0.999913
N123.trim.bt2	N139.trim.bt2	AC3	AC2	AC2-AC3	2424	0.000001
N123.trim.bt2	N140.trim.bt2	AC3	AC3	Within AC3	2422	1.000000
N123.trim.bt2	N141.trim.bt2	AC3	AC3	Within AC3	2396	0.999648
N123.trim.bt2	N142.trim.bt2	AC3	AC1	AC1-AC3	2380	0.000000
N123.trim.bt2	N143.trim.bt2	AC3	AC3	Within AC3	2407	1.000000
N123.trim.bt2	N99.trim.bt2	AC3	AC2	AC2-AC3	2451	0.000000
N124.trim.bt2	N125.trim.bt2	AC3	AC3	Within AC3	2446	0.999704
N124.trim.bt2	N126.trim.bt2	AC3	AC2	AC2-AC3	2430	0.000000
N124.trim.bt2	N127.trim.bt2	AC3	AC1	AC1-AC3	2406	0.000000
N124.trim.bt2	N128.trim.bt2	AC3	AC2	AC2-AC3	2446	0.000000
N124.trim.bt2	N129.trim.bt2	AC3	AC2	AC2-AC3	2424	0.000000
N124.trim.bt2	N130.trim.bt2	AC3	AC1	AC1-AC3	2432	0.000000
N124.trim.bt2	N131.trim.bt2	AC3	AC3	Within AC3	2440	1.000000
N124.trim.bt2	N132.trim.bt2	AC3	AC2	AC2-AC3	2437	0.000000
N124.trim.bt2	N133.trim.bt2	AC3	AC3	Within AC3	2435	0.999531
N124.trim.bt2	N134.trim.bt2	AC3	AC2	AC2-AC3	2425	0.000000
N124.trim.bt2	N135.trim.bt2	AC3	AC2	AC2-AC3	2416	0.000000
N124.trim.bt2	N136.trim.bt2	AC3	AC2	AC2-AC3	2408	0.000000
N124.trim.bt2	N137.trim.bt2	AC3	AC2	AC2-AC3	2430	0.000000
N124.trim.bt2	N138.trim.bt2	AC3	AC3	Within AC3	2425	0.997756
N124.trim.bt2	N139.trim.bt2	AC3	AC2	AC2-AC3	2431	0.000000
N124.trim.bt2	N140.trim.bt2	AC3	AC3	Within AC3	2429	0.999999
N124.trim.bt2	N141.trim.bt2	AC3	AC3	Within AC3	2411	1.000000
N124.trim.bt2	N142.trim.bt2	AC3	AC1	AC1-AC3	2387	0.000000
N124.trim.bt2	N143.trim.bt2	AC3	AC3	Within AC3	2420	0.999939
N124.trim.bt2	N99.trim.bt2	AC3	AC2	AC2-AC3	2464	0.000000
N125.trim.bt2	N126.trim.bt2	AC3	AC2	AC2-AC3	2437	0.000000
N125.trim.bt2	N127.trim.bt2	AC3	AC1	AC1-AC3	2406	0.000000
N125.trim.bt2	N128.trim.bt2	AC3	AC2	AC2-AC3	2450	0.000000
N125.trim.bt2	N129.trim.bt2	AC3	AC2	AC2-AC3	2432	0.000000
N125.trim.bt2	N130.trim.bt2	AC3	AC1	AC1-AC3	2435	0.000001
N125.trim.bt2	N131.trim.bt2	AC3	AC3	Within AC3	2447	0.999597
N125.trim.bt2	N132.trim.bt2	AC3	AC2	AC2-AC3	2441	0.000000
N125.trim.bt2	N133.trim.bt2	AC3	AC3	Within AC3	2434	1.000000
N125.trim.bt2	N134.trim.bt2	AC3	AC2	AC2-AC3	2430	0.000000
N125.trim.bt2	N135.trim.bt2	AC3	AC2	AC2-AC3	2415	0.000000
N125.trim.bt2	N136.trim.bt2	AC3	AC2	AC2-AC3	2415	0.000000
N125.trim.bt2	N137.trim.bt2	AC3	AC2	AC2-AC3	2434	0.000000
N125.trim.bt2	N138.trim.bt2	AC3	AC3	Within AC3	2432	0.999739
N125.trim.bt2	N139.trim.bt2	AC3	AC2	AC2-AC3	2435	0.000000
N125.trim.bt2	N140.trim.bt2	AC3	AC3	Within AC3	2434	1.000000
N125.trim.bt2	N141.trim.bt2	AC3	AC3	Within AC3	2407	0.999671
N125.trim.bt2	N142.trim.bt2	AC3	AC1	AC1-AC3	2393	0.000000
N125.trim.bt2	N143.trim.bt2	AC3	AC3	Within AC3	2421	0.999724
N125.trim.bt2	N99.trim.bt2	AC3	AC2	AC2-AC3	2467	0.000001
N126.trim.bt2	N127.trim.bt2	AC2	AC1	AC1-AC2	2404	0.000000
N126.trim.bt2	N128.trim.bt2	AC2	AC2	Within AC2	2441	0.998841
N126.trim.bt2	N129.trim.bt2	AC2	AC2	Within AC2	2430	0.997185
N126.trim.bt2	N130.trim.bt2	AC2	AC1	AC1-AC2	2431	0.000000
N126.trim.bt2	N131.trim.bt2	AC2	AC3	AC2-AC3	2432	0.000000
N126.trim.bt2	N132.trim.bt2	AC2	AC2	Within AC2	2437	0.998121
N126.trim.bt2	N133.trim.bt2	AC2	AC3	AC2-AC3	2424	0.000000
N126.trim.bt2	N134.trim.bt2	AC2	AC2	Within AC2	2427	0.998683
N126.trim.bt2	N135.trim.bt2	AC2	AC2	Within AC2	2419	1.000000
N126.trim.bt2	N136.trim.bt2	AC2	AC2	Within AC2	2418	1.000000
N126.trim.bt2	N137.trim.bt2	AC2	AC2	Within AC2	2433	0.999620
N126.trim.bt2	N138.trim.bt2	AC2	AC3	AC2-AC3	2415	0.000000
N126.trim.bt2	N139.trim.bt2	AC2	AC2	Within AC2	2438	0.999336
N126.trim.bt2	N140.trim.bt2	AC2	AC3	AC2-AC3	2421	0.000000
N126.trim.bt2	N141.trim.bt2	AC2	AC3	AC2-AC3	2394	0.000000
N126.trim.bt2	N142.trim.bt2	AC2	AC1	AC1-AC2	2389	0.000000
N126.trim.bt2	N143.trim.bt2	AC2	AC3	AC2-AC3	2406	0.000000
N126.trim.bt2	N99.trim.bt2	AC2	AC2	Within AC2	2459	0.999016
N127.trim.bt2	N128.trim.bt2	AC1	AC2	AC1-AC2	2414	0.000003
N127.trim.bt2	N129.trim.bt2	AC1	AC2	AC1-AC2	2393	0.000000
N127.trim.bt2	N130.trim.bt2	AC1	AC1	Within AC1	2414	0.999885
N127.trim.bt2	N131.trim.bt2	AC1	AC3	AC1-AC3	2404	0.000000
N127.trim.bt2	N132.trim.bt2	AC1	AC2	AC1-AC2	2402	0.000000
N127.trim.bt2	N133.trim.bt2	AC1	AC3	AC1-AC3	2398	0.000000
N127.trim.bt2	N134.trim.bt2	AC1	AC2	AC1-AC2	2386	0.000000
N127.trim.bt2	N135.trim.bt2	AC1	AC2	AC1-AC2	2381	0.000000
N127.trim.bt2	N136.trim.bt2	AC1	AC2	AC1-AC2	2373	0.000000
N127.trim.bt2	N137.trim.bt2	AC1	AC2	AC1-AC2	2402	0.000000
N127.trim.bt2	N138.trim.bt2	AC1	AC3	AC1-AC3	2382	0.000001
N127.trim.bt2	N139.trim.bt2	AC1	AC2	AC1-AC2	2399	0.000000
N127.trim.bt2	N140.trim.bt2	AC1	AC3	AC1-AC3	2390	0.000000
N127.trim.bt2	N141.trim.bt2	AC1	AC3	AC1-AC3	2371	0.000000
N127.trim.bt2	N142.trim.bt2	AC1	AC1	Within AC1	2381	1.000000
N127.trim.bt2	N143.trim.bt2	AC1	AC3	AC1-AC3	2380	0.000000
N127.trim.bt2	N99.trim.bt2	AC1	AC2	AC1-AC2	2427	0.000000
N128.trim.bt2	N129.trim.bt2	AC2	AC2	Within AC2	2439	0.999999
N128.trim.bt2	N130.trim.bt2	AC2	AC1	AC1-AC2	2442	0.000000
N128.trim.bt2	N131.trim.bt2	AC2	AC3	AC2-AC3	2444	0.000000
N128.trim.bt2	N132.trim.bt2	AC2	AC2	Within AC2	2451	0.999990
N128.trim.bt2	N133.trim.bt2	AC2	AC3	AC2-AC3	2436	0.000001
N128.trim.bt2	N134.trim.bt2	AC2	AC2	Within AC2	2436	0.998887
N128.trim.bt2	N135.trim.bt2	AC2	AC2	Within AC2	2427	0.999979
N128.trim.bt2	N136.trim.bt2	AC2	AC2	Within AC2	2423	0.999949
N128.trim.bt2	N137.trim.bt2	AC2	AC2	Within AC2	2443	0.999998
N128.trim.bt2	N138.trim.bt2	AC2	AC3	AC2-AC3	2424	0.000000
N128.trim.bt2	N139.trim.bt2	AC2	AC2	Within AC2	2444	0.999998
N128.trim.bt2	N140.trim.bt2	AC2	AC3	AC2-AC3	2433	0.000000
N128.trim.bt2	N141.trim.bt2	AC2	AC3	AC2-AC3	2406	0.000000
N128.trim.bt2	N142.trim.bt2	AC2	AC1	AC1-AC2	2399	0.000002
N128.trim.bt2	N143.trim.bt2	AC2	AC3	AC2-AC3	2421	0.000000
N128.trim.bt2	N99.trim.bt2	AC2	AC2	Within AC2	2473	0.998922
N129.trim.bt2	N130.trim.bt2	AC2	AC1	AC1-AC2	2421	0.000000
N129.trim.bt2	N131.trim.bt2	AC2	AC3	AC2-AC3	2424	0.000000
N129.trim.bt2	N132.trim.bt2	AC2	AC2	Within AC2	2431	0.998612
N129.trim.bt2	N133.trim.bt2	AC2	AC3	AC2-AC3	2417	0.000000
N129.trim.bt2	N134.trim.bt2	AC2	AC2	Within AC2	2422	0.997400
N129.trim.bt2	N135.trim.bt2	AC2	AC2	Within AC2	2412	0.999635
N129.trim.bt2	N136.trim.bt2	AC2	AC2	Within AC2	2411	0.999999
N129.trim.bt2	N137.trim.bt2	AC2	AC2	Within AC2	2426	1.000000
N129.trim.bt2	N138.trim.bt2	AC2	AC3	AC2-AC3	2406	0.000000
N129.trim.bt2	N139.trim.bt2	AC2	AC2	Within AC2	2429	0.999900
N129.trim.bt2	N140.trim.bt2	AC2	AC3	AC2-AC3	2416	0.000000
N129.trim.bt2	N141.trim.bt2	AC2	AC3	AC2-AC3	2388	0.000000
N129.trim.bt2	N142.trim.bt2	AC2	AC1	AC1-AC2	2379	0.000000
N129.trim.bt2	N143.trim.bt2	AC2	AC3	AC2-AC3	2399	0.000000
N129.trim.bt2	N99.trim.bt2	AC2	AC2	Within AC2	2452	0.998344
N130.trim.bt2	N131.trim.bt2	AC1	AC3	AC1-AC3	2428	0.000000
N130.trim.bt2	N132.trim.bt2	AC1	AC2	AC1-AC2	2433	0.000000
N130.trim.bt2	N133.trim.bt2	AC1	AC3	AC1-AC3	2423	0.000001
N130.trim.bt2	N134.trim.bt2	AC1	AC2	AC1-AC2	2419	0.000000
N130.trim.bt2	N135.trim.bt2	AC1	AC2	AC1-AC2	2410	0.000000
N130.trim.bt2	N136.trim.bt2	AC1	AC2	AC1-AC2	2406	0.000002
N130.trim.bt2	N137.trim.bt2	AC1	AC2	AC1-AC2	2426	0.000000
N130.trim.bt2	N138.trim.bt2	AC1	AC3	AC1-AC3	2412	0.000000
N130.trim.bt2	N139.trim.bt2	AC1	AC2	AC1-AC2	2427	0.000000
N130.trim.bt2	N140.trim.bt2	AC1	AC3	AC1-AC3	2418	0.000001
N130.trim.bt2	N141.trim.bt2	AC1	AC3	AC1-AC3	2391	0.000000
N130.trim.bt2	N142.trim.bt2	AC1	AC1	Within AC1	2405	1.000000
N130.trim.bt2	N143.trim.bt2	AC1	AC3	AC1-AC3	2406	0.000000
N130.trim.bt2	N99.trim.bt2	AC1	AC2	AC1-AC2	2458	0.000000
N131.trim.bt2	N132.trim.bt2	AC3	AC2	AC2-AC3	2439	0.000000
N131.trim.bt2	N133.trim.bt2	AC3	AC3	Within AC3	2437	0.999472
N131.trim.bt2	N134.trim.bt2	AC3	AC2	AC2-AC3	2420	0.000000
N131.trim.bt2	N135.trim.bt2	AC3	AC2	AC2-AC3	2413	0.000000
N131.trim.bt2	N136.trim.bt2	AC3	AC2	AC2-AC3	2410	0.000001
N131.trim.bt2	N137.trim.bt2	AC3	AC2	AC2-AC3	2433	0.000000
N131.trim.bt2	N138.trim.bt2	AC3	AC3	Within AC3	2426	0.997697
N131.trim.bt2	N139.trim.bt2	AC3	AC2	AC2-AC3	2430	0.000000
N131.trim.bt2	N140.trim.bt2	AC3	AC3	Within AC3	2433	1.000000
N131.trim.bt2	N141.trim.bt2	AC3	AC3	Within AC3	2406	1.000000
N131.trim.bt2	N142.trim.bt2	AC3	AC1	AC1-AC3	2390	0.000001
N131.trim.bt2	N143.trim.bt2	AC3	AC3	Within AC3	2419	0.997488
N131.trim.bt2	N99.trim.bt2	AC3	AC2	AC2-AC3	2460	0.000000
N132.trim.bt2	N133.trim.bt2	AC2	AC3	AC2-AC3	2428	0.000003
N132.trim.bt2	N134.trim.bt2	AC2	AC2	Within AC2	2429	0.997654
N132.trim.bt2	N135.trim.bt2	AC2	AC2	Within AC2	2421	1.000000
N132.trim.bt2	N136.trim.bt2	AC2	AC2	Within AC2	2418	0.998725
N132.trim.bt2	N137.trim.bt2	AC2	AC2	Within AC2	2435	0.999999
N132.trim.bt2	N138.trim.bt2	AC2	AC3	AC2-AC3	2423	0.000001
N132.trim.bt2	N139.trim.bt2	AC2	AC2	Within AC2	2437	0.998810
N132.trim.bt2	N140.trim.bt2	AC2	AC3	AC2-AC3	2425	0.000000
N132.trim.bt2	N141.trim.bt2	AC2	AC3	AC2-AC3	2399	0.000000
N132.trim.bt2	N142.trim.bt2	AC2	AC1	AC1-AC2	2390	0.000000
N132.trim.bt2	N143.trim.bt2	AC2	AC3	AC2-AC3	2417	0.000000
N132.trim.bt2	N99.trim.bt2	AC2	AC2	Within AC2	2464	0.999964
N133.trim.bt2	N134.trim.bt2	AC3	AC2	AC2-AC3	2411	0.000001
N133.trim.bt2	N135.trim.bt2	AC3	AC2	AC2-AC3	2407	0.000000
N133.trim.bt2	N136.trim.bt2	AC3	AC2	AC2-AC3	2400	0.000000
N133.trim.bt2	N137.trim.bt2	AC3	AC2	AC2-AC3	2426	0.000002
N133.trim.bt2	N138.trim.bt2	AC3	AC3	Within AC3	2410	0.999988
N133.trim.bt2	N139.trim.bt2	AC3	AC2	AC2-AC3	2421	0.000000
N133.trim.bt2	N140.trim.bt2	AC3	AC3	Within AC3	2427	1.000000
N133.trim.bt2	N141.trim.bt2	AC3	AC3	Within AC3	2396	0.999423
N133.trim.bt2	N142.trim.bt2	AC3	AC1	AC1-AC3	2382	0.000000
N133.trim.bt2	N143.trim.bt2	AC3	AC3	Within AC3	2414	0.999134
N133.trim.bt2	N99.trim.bt2	AC3	AC2	AC2-AC3	2453	0.000000
N134.trim.bt2	N135.trim.bt2	AC2	AC2	Within AC2	2407	0.999433
N134.trim.bt2	N136.trim.bt2	AC2	AC2	Within AC2	2410	0.997217
N134.trim.bt2	N137.trim.bt2	AC2	AC2	Within AC2	2422	0.999110
N134.trim.bt2	N138.trim.bt2	AC2	AC3	AC2-AC3	2406	0.000000
N134.trim.bt2	N139.trim.bt2	AC2	AC2	Within AC2	2427	0.998374
N134.trim.bt2	N140.trim.bt2	AC2	AC3	AC2-AC3	2412	0.000000
N134.trim.bt2	N141.trim.bt2	AC2	AC3	AC2-AC3	2389	0.000000
N134.trim.bt2	N142.trim.bt2	AC2	AC1	AC1-AC2	2376	0.000000
N134.trim.bt2	N143.trim.bt2	AC2	AC3	AC2-AC3	2399	0.000000
N134.trim.bt2	N99.trim.bt2	AC2	AC2	Within AC2	2449	0.999098
N135.trim.bt2	N136.trim.bt2	AC2	AC2	Within AC2	2402	0.999979
N135.trim.bt2	N137.trim.bt2	AC2	AC2	Within AC2	2415	0.999855
N135.trim.bt2	N138.trim.bt2	AC2	AC3	AC2-AC3	2399	0.000002
N135.trim.bt2	N139.trim.bt2	AC2	AC2	Within AC2	2418	0.998847
N135.trim.bt2	N140.trim.bt2	AC2	AC3	AC2-AC3	2400	0.000001
N135.trim.bt2	N141.trim.bt2	AC2	AC3	AC2-AC3	2376	0.000000
N135.trim.bt2	N142.trim.bt2	AC2	AC1	AC1-AC2	2371	0.000000
N135.trim.bt2	N143.trim.bt2	AC2	AC3	AC2-AC3	2390	0.000000
N135.trim.bt2	N99.trim.bt2	AC2	AC2	Within AC2	2438	0.999850
N136.trim.bt2	N137.trim.bt2	AC2	AC2	Within AC2	2410	0.999999
N136.trim.bt2	N138.trim.bt2	AC2	AC3	AC2-AC3	2395	0.000000
N136.trim.bt2	N139.trim.bt2	AC2	AC2	Within AC2	2417	0.999114
N136.trim.bt2	N140.trim.bt2	AC2	AC3	AC2-AC3	2395	0.000000
N136.trim.bt2	N141.trim.bt2	AC2	AC3	AC2-AC3	2376	0.000000
N136.trim.bt2	N142.trim.bt2	AC2	AC1	AC1-AC2	2366	0.000000
N136.trim.bt2	N143.trim.bt2	AC2	AC3	AC2-AC3	2384	0.000000
N136.trim.bt2	N99.trim.bt2	AC2	AC2	Within AC2	2434	0.998647
N137.trim.bt2	N138.trim.bt2	AC2	AC3	AC2-AC3	2412	0.000000
N137.trim.bt2	N139.trim.bt2	AC2	AC2	Within AC2	2433	1.000000
N137.trim.bt2	N140.trim.bt2	AC2	AC3	AC2-AC3	2418	0.000000
N137.trim.bt2	N141.trim.bt2	AC2	AC3	AC2-AC3	2388	0.000000
N137.trim.bt2	N142.trim.bt2	AC2	AC1	AC1-AC2	2389	0.000000
N137.trim.bt2	N143.trim.bt2	AC2	AC3	AC2-AC3	2406	0.000000
N137.trim.bt2	N99.trim.bt2	AC2	AC2	Within AC2	2457	0.999999
N138.trim.bt2	N139.trim.bt2	AC3	AC2	AC2-AC3	2412	0.000000
N138.trim.bt2	N140.trim.bt2	AC3	AC3	Within AC3	2409	0.999924
N138.trim.bt2	N141.trim.bt2	AC3	AC3	Within AC3	2391	0.997265
N138.trim.bt2	N142.trim.bt2	AC3	AC1	AC1-AC3	2370	0.000000
N138.trim.bt2	N143.trim.bt2	AC3	AC3	Within AC3	2402	0.997880
N138.trim.bt2	N99.trim.bt2	AC3	AC2	AC2-AC3	2442	0.000001
N139.trim.bt2	N140.trim.bt2	AC2	AC3	AC2-AC3	2421	0.000000
N139.trim.bt2	N141.trim.bt2	AC2	AC3	AC2-AC3	2392	0.000000
N139.trim.bt2	N142.trim.bt2	AC2	AC1	AC1-AC2	2382	0.000000
N139.trim.bt2	N143.trim.bt2	AC2	AC3	AC2-AC3	2405	0.000000
N139.trim.bt2	N99.trim.bt2	AC2	AC2	Within AC2	2458	0.999287
N140.trim.bt2	N141.trim.bt2	AC3	AC3	Within AC3	2392	1.000000
N140.trim.bt2	N142.trim.bt2	AC3	AC1	AC1-AC3	2376	0.000000
N140.trim.bt2	N143.trim.bt2	AC3	AC3	Within AC3	2409	1.000000
N140.trim.bt2	N99.trim.bt2	AC3	AC2	AC2-AC3	2450	0.000000
N141.trim.bt2	N142.trim.bt2	AC3	AC1	AC1-AC3	2352	0.000000
N141.trim.bt2	N143.trim.bt2	AC3	AC3	Within AC3	2384	0.998884
N141.trim.bt2	N99.trim.bt2	AC3	AC2	AC2-AC3	2418	0.000000
N142.trim.bt2	N143.trim.bt2	AC1	AC3	AC1-AC3	2370	0.000000
N142.trim.bt2	N99.trim.bt2	AC1	AC2	AC1-AC2	2412	0.000002
N143.trim.bt2	N99.trim.bt2	AC3	AC2	AC2-AC3	2433	0.000000
